address,street_number,side,1906,1927,1956,1960,1964,1965,1968,1973,1987,years_listed
1400,1400,even,,Jackson Pharmacy,Gina's Mkt grocrs,Gina's Mkt grocrs,GINAS MARKET,GINAS MARKET,ALS MARKET GROCERIES,Lim's Bros Market,BUDDY'S FAST FOODS,8
1402,1402,even,,,Margarette's Clnrs,Polychrome Corp,POLYCHROME CORP,POLYCHROME CORP,DAAD CO THE-LIGHTING,Daad Co The,EL ESPANOL INTERNATL,7
1406,1406,even,,Rose Mme,Shade L B rl est,Shade L B,MISHY SOLOMON E,MISHY SOLOMON E,MISHY SOLOMON E,,,6
1407,1407,odd,Reavis Miss N E,Reavis Cora A,,,,,,,,2
1408,1408,even,,,,,,,IBARRA R,,,1
1410,1410,even,,,,,,,,Internatl Geneva Assn,#1: Jiminez Miguel; #2: Jimenez Edelmira; #8: Urena Arnulfo C; #9: Camarena Maria,2
1412,1412,even,,Rouseland Apts; Martin Elsie G; Williams L Mrs,Apt 11: Staples Neva Mrs; Apt 12: Johnston T E Mrs; Apt 15: Gallegos Vicki; Apt 20: Thurston Duane; Apt 21: Crane Anne Mrs,Apt 11: Marley Cora; Apt 12: Johnston T E Mrs; Apt 14: Davis Alice L; Apt 21: O'Connell Lillian M,#11: AALTO HELMI; #12: JOHNSTON GLADYS; #14: DALE ARABELLA; #15: MANNING JAS; #22: ARANDA VIRGINIA; #25: WEINSTEIN B; #28: RICHARDSON SARAH E,#11: AALTO HELMI; #12: JOHNSTON G C REV; #25: WEINSTEIN B; #28: SCHOTANUS M,#11: AALTO HELMI; #12: JOHNSTON G C REV; #14: GOMEZ I G; #20: OTEY H; #27: ZAMUDIE D; #28: SCHOTANUS M,#12: Johnston Gladys C Rev,LONDON HAIR DESIGN; Lo Dara,8
1414,1414,even,,,,Helen's Natural Fruit Confectionery; Petrulli Helen Helen's Natural Fruit Confectionery,HELENS CONFECTIONARY,HELENS CONFECTIONARY,HELENS CONFECTIONARY,,,4
1416,1416,even,Milligan G R E; Rice M E,McBride John H,,,,,,,UNION EASTERN TIRE CO,3
1417,1417,odd,Peebles C L,,,,,,,,,1
1420,1420,even,,,Col-R-Set Products Co ink compnd,Quinn Alfred Price,,,,,,2
1421,1421,odd,,,,,#206: LATHAN A B JR; #210: CARR JAS,#210: CARR JAS,#206: LUKAC A; #210: CARR JAS,#210: Carr Jas,#201: Rodriguez Ignacia; #206: Nunez Consuelo; #210: Carr Jas,5
1422,1422,even,,,,,LOUIS CHERPIN WINERY,LOUIS CHERPIN WINERY,LOUIS CHERPIN WINERY,Louis Cherpin Winery,WING LEE SHRIMP CO,5
1425,1425,odd,,,Apt 201: Lewis Robt M; Apt 205: Turner Alex; Apt 206: Moore Charlie Mrs; Apt 208: Hurd Theo,,[APARTMENT – no units listed],,,,,2
1426,1426,even,,Hetherington Helen,Relich Victor,Snodgrass Anna,RENICK APARTMNT HSE,RENICK APARTMNT HSE,RENICK APARTMNT HSE,Renick Apartment House,,7
1426½,1426,even,,,,,ACLES DOROTHY,ACLES DOROTHY,TRULLO M R,,,3
1427,1427,odd,,,Sunset Super Mkt,Sunset Super Mkt,RIOS J ASSOCS INS,IDEAL RENTALS-RL EST; RIOS J ASSOCS INS,,,,4
1428,1428,even,,Banta Evalena Mrs,Wells Irene,McKitterick Pearl,MC KITTERICK PEARL,,,,,4
1428½,1428,even,,Hermann Frederick,Hoffnung Jos,,,,,,,2
1429,1429,odd,,,,,,,,,CASA BLANCA FURNITURE,1
1430,1430,even,,,,,,,,,Vaughn Maria,1
1432,1432,even,Davies J M,Coan Pat M,Vincent Lawrence,Vincent Lawrence,NORIEGA MAX; VINCENT L,NORIEGA MAX; VINCENT L,VINCENT L,Vincent Lawrence,Vincent Lawrence,9
1436,1436,even,,Ayers A M Mrs,Hansen Al B,Hansen Al B; Apt 2: Balla Frank; Apt 5: Kassarjian Eva M,HANSEN AL B; #2: BALLA F; #5: KELLY GEO S,CLONINGER T; HANSEN AL B; #2: BALLA F; #5: KELLY GEO S,HANSEN AL B; #5: KELLY GEO S,Hansen Al B; #4: Young Ken F; #5: Kelly Geo S; #6: Vasquez Frank,HANSEN AL B; #5: Estrada Richardo,8
1437,1437,odd,,,,Tracy TV & Radio,,,,,,1
1439,1439,odd,,Reliable Poultry Mkt,On Sang Poultry Co,On Sang Poultry Co,ON SANG POULTRY,ON SANG POULTRY,ON SANG POULTRY,Tong's Dress Shop,EVAN FASHIONS,8
1442,1442,even,,Everharty John J,,,,,NORIEGA M,Noriega Max,Soto Connie,4
1444,1444,even,,,Poulos Arthur I Dr,,,,,,,1
1446,1446,even,,ERvin C W,Harris Myerl r; Jemison Andrew T r,Harris Myerl; Jemison Andrew T,,,EICKHOFF W,,,4
1446½,1446,even,,,,,,,,,Tom C F,1
1449,1449,odd,,Sunland Pub Mkt,,Nikola's restrnt; Rasic Nick Nikola's restrnt,NIKOLAS,NIKOLAS,NIKOLAS,Nikola's,NIKOLA'S,7
1451,1451,odd,,,Cherpin Louis Winery; Louis Cherpin Winery,Cherpin Louis Winery; Louis Cherpin Winery,,,,,,2
1452,1452,even,,Spencer G W Mrs,Mendia Joe,,,,,,,2
1452½,1452,even,,,Carlson O F,McGlashan Kenneth,,,,Donley David R,Mazas Taurino,4
1453,1453,odd,,,Echo Park Laundromat,Echo Park Laundromat,ECHO PRK LNDROMT,ECHO PK LAUNDERETTE,,,,4
1454,1454,even,,,Lake Rufus N,Hazama Jos T,HAZAMA JOS T,HAZAMA JOS T,,,,4
1454½,1454,even,,,Carr B,Carr B,SIMMONS CECILE L,,,,,3
1455,1455,odd,,,Shack Inn,,,,,,,1
1456,1456,even,,Hutchinson E Mrs,Bergstrom Edw r,Bergstrom Louise DuVal,BERGSTROM LOUISE,FOSTER L D,,Cruz Paul A,,6
1457,1457,odd,,Sutherland Mkt,Gordon J E,TV Fanfare Publications production dept,BULWINSCH ALFRED,BULWINSCH ALFRED,BULWINSCH ALFRED,Bulwinsch Alfred,NHAN DUC DUONG,8
1459,1459,odd,,,,Gordon J E,,,EHRET T PHOTOGRAPHY,Ehret Theo Photography,ANNA'S GROCERY MARKET,4
1459½,1459,odd,,,Gomez Andrew Sunset Leather Goods Co; Sunset Leather Goods,Gomez Andrew Sunset Leather Goods; Sunset Leather Goods,SUNSET LEATHER GOODS,SUNSET LEATHER GOODS,SUNSET LEATHER GOODS,,HECTOR'S SHOE REPAIR,6
1461,1461,odd,,Sutherland Apts; Anderson Robt; Mahoney W L,(Sutherland Apts); Apt 20: Bortenstein H Mrs; Apt 32: Smith Gene; Apt 35: Stakes Gordon; Apt 37: Bickhaus Frank V r,Sutherland Apts; Apt 20: Bortenstein H Mrs; Apt 37: Bickhaus Frank V,GENERAL REPAIR; SUTHERLAND APTS; #12: BORTENSTEIN JACK; #14: BORTENSTEIN JACK; #24: MILNER ANNIE; #26: CHAIDEZ ADOLFO C; #37: BICKHAUS F V,GENERAL REPAIR; SUTHERLAND APTS; #12: BORTENSTEIN JACK; #14: BORTENSTEIN JACK; #37: BICKHAUS F V,SUTHERLAND APTS; #12: SAVICH A; #14: BORTENSTEIN J; #24: BORTENSTEIN F; #26: VIDULICH L H,#14: Bortenstein Jack; #23: Castro Onesimo; #26: Vidulich Louis H; #30: Osborn Walter; #31: Gillard Marvin H; #32: O'Hara John P,#10: BULWINSCH ALFRED; #14: Deanon Irene; #24: Tamayo Isabel; #26: Causing Sotaro L; #31: Hung Loise; #32: Rocha Tomas,8
1461½,1461,odd,,,,,,,GENERAL REPAIR,General Repair,PHONG LAN,3
1462,1462,even,Riley J C,Riley J C,Riley J C r,Riley W E,RILEY W E,RILEY W E,RILEY W E,Riley W E,Diaz Carmen; Fumes Maria,9
1463,1463,odd,,,,,GONZALEZ FRED S,GONZALEZ F S,,,ALICE BEAUTY SALON,3
1465,1465,odd,,,Burgess E R Dick Col & Associates auctnrs; South West Auction Parlor,Daad Co The lightng; Kiatta Nicholas Daad Co The lightng,,,,,,2
1466,1466,even,Dunlap Mrs C S,Butcher E H,Urbano Domenico,Urbano Domenico,KAMI JIMMY,KAMI JIMMY,GARCIA J,,,7
1466½,1466,even,,,,,,KITAGAWA Y K,STATEWIDE HOMEOWNERS,,,2
1467,1467,odd,,,,,BOB GOMEZ SHELL SRV,BOB GOMEZ SHELL SRV,BOB GOMEZ SHELL SRV,Saravia Salvador R,NAY-MEX TIRES; POJANANOND SUWANNA,5
1472,1472,even,Vacant,McBride M A Mrs,Apt 3: Sills Evelyn,,[APARTMENT – no units listed],,#1: RAYAS R,,,5
1472½,1472,even,,,Wilkins Lewis,,,,NEGRETE J,,,2
1472¾,1472,even,,,,,,,,,Huang Mou-Tao,1
1474,1474,even,,,,,,,,,Monterroso Sergio,1
1475,1475,odd,,,,Sam's Serv,,,,,,1
1476,1476,even,McCready B F,Anderson E W Mrs,De la Torre Xavier,De la Torre Xavier,DE LA TORRE X,DE LA TORRE X,DE LA TORRE X,De la Torre Xavier,De la Torre Xavier,9
1477,1477,odd,,,Matlin Pharmacy,George's Corner,RUDYS CORNER,RUDYS CORNER,RUDYS CORNER,Little Joy Cocktails,LITTLE JOY COCKTAILS,7
1479,1479,odd,,,,Sylvester Anthony tlr,SYLVESTER ANTHONY TLR,SYLVESTER A-TAILOR,SYLVESTER A-TAILOR,,DRAGONSNEST BOOKS,5
1484,1484,even,,,,Internatl Geneva Assn,INTERNATL GENEVA,INTERNATL GENEVA,INTERNATL GENEVA,Helen's Natural Fruit Confectionery,,5
1485,1485,odd,,,Ringling Advertising Agcy; Ringling Offset Press; 2nd Flr: TV Fanfare Publications,Ringling Advertising Agcy; Ringling Offset Press; 2nd Flr: Mark-It Shopping List Inc / TV Fanfare Publications main ofc,FL 2: T V FANFARE PUB; (unit not given): G N S PRINTERS,FL 2: T V FANFARE PUB; (unit not given): G N S PRINTERS,SINGERS RUG-CARPET,,BEN'S SHOP,6
1486,1486,even,,,,,PIZZOLI FRANK,PIZZOLI FRANK,PIZZOLI FRANK,,,3
1486¼,1486,even,,,,Ascencio Carmen,,,CRUZ A M,,Green Wilfred,3
1486½,1486,even,,,,,,,GARNIER A,Herring Arturo,,2
1486¾,1486,even,,,,Brito Sixto; Gomez Antonia,,,GOMEZ R,,Thang Met,3
1487,1487,odd,,,Singer Carpet & Rug Co; Singer Rug & Carpet Co; Singer's Carpet & Rug Co; Singer's Rug & Carpet Co,Quality Glass & Mirror Co,QUALITY GLASS-MIRROR,QUALITY GLASS-MIRROR,QUALITY GLASS-MIRROR,Quality Glass & Mirror Co,CITI GROCERY WHSE,7
1488,1488,even,,Gray Olga; #B: Thomasson E B; #D: Tassey Walter J,Zacsek Anna r,Smith Lydia,SMITH LYDIA,SMITH LYDIA,ESPARZA A R,Zubia Edw,,7
1489,1489,odd,,,,Emidio's Italian & American Food Mart,EMIDIOS ITALIAN-,EMIDIOS ITALIAN-,EMIDIOS ITALIAN-,Emidio's Italian & American Food Mart,,5
1492,1492,even,,,,,,,,,Hoang Chan,1
1494,1494,even,,,Engstrom Josephine,Engstrom Josephine,ENGSTROM JOSEPHINE,ENGSTROM JOSEPHINE,ENGSTROM JOSEPHINE,,,5
1498,1498,even,Richardson A I; Ramsey G M,Hess J L,Bowes Katherine r,Thomae Martha,THOMAE MARTHA,THOMAE MARTHA,THOMAE MARTHA,Shipp Jas,BODHI GARDENS; TRINH THI-HUNG; #1: WONG REALTY & INVESTMENT / DYNASTY PRINTING & DESIGN CO; #3: WING WAH MARKET; #5: DOANH DOANH RESTAURANT; #7: KAMURA TAX SERVICE,9
1500,1500,even,,,Alvarez Carlos,,,,RUIZ C,,,2
1500½,1500,even,,Natho H Miss,Newgaard Laura T,Wilkinson Peggy,,,,,,3
1501,1501,odd,,,Frances' Beauty Salon,,BARNARD VAN-STORAGE,BARNARD VAN-STORAGE,JAKOBSEN R A,Nayarit Gift Shop,MATHEWS MARCOS; #100: RAMOS ADALBERTO J DDS; #101: PEREZ FREDY OD; #202: MONTEAGUDO DELFI DR / SUNSET HOLISTIC CENTER; #203: SANABRIA E L,6
1502,1502,even,,,,Kerdikes Peter,OAXACA ANGELINA,CORDOBA A,CORDOBA A,,,4
1502½,1502,even,,Armstrong Richard,,Delill Jos A,,,MUELLER K,,,3
1503,1503,odd,,,Brinkworth F M r,,,,DOLORES SHOP,Coffey Lee,,3
1506,1506,even,,Smith F W,Ball Nannie C; Dow Florence H r,,,SANDELIN R M,,,,3
1508,1508,even,,,,,,,,,LIQUOR ROYALE,1
1509,1509,odd,,,Wallic W Roy Television & Radio; Wallick W Roy Television & Radio,Wallic W Roy Television & Radio,WALLICK W ROY,WALLICK W ROY,CASA-REY RADIO-TV,Casa-Rey Radio & Television,,6
1509½,1509,odd,,,Hernandez Lucy T,Johnson C L,,,,,,2
1511,1511,odd,,,Central Sales & Serv Co,Central Sales & Serv Co; Kelt Peter Central Sales & Serv Co,CENTRAL SALES-SERV,CENTRAL SALES-SERV,CENTRAL SALES-SERV,Carmela's,CARMELA'S,7
1512,1512,even,Stemler R G,,,,,,,,,1
1513½,1513,odd,,,,,ZUNIGA ENRIQUE,ZUNIGA ENRIQUE,ZUNIGA ENRIQUE,Zuniga Enrique,ZUNIGA ENRIQUE,5
1515,1515,odd,,,El A-Mexico Delicatessen & Tortilleria; Gomez Casimiro R El A-Mexico Delicatessen & Tortilleria,Lilias Restaurant,MIDNIGHT SUN,MIDNIGHT SUN,LA BOTANA-TAVRN,Woodstock Gallery,CAPRI BEAUTY SALON,7
1516,1516,even,,,Standard Oil Co of Calif Standard Stns Inc L A Serv Stns Sunset & Laveta,Standard Oil Co of Calif Western Operations Inc standard stns inc Los Angeles Sunset & Laveta,STANDARD OIL SERV STN,STANDARD OIL SERV STN,ALEXS CHEVRON; ALEX YAVORSKYS CHVRN,,HUGO JEWELERS,6
1517,1517,odd,,,Pan C W,Herrera Juan,,,,,,2
1518,1518,even,,,,,,,,,ARMANDO'S TAILORING,1
1519,1519,odd,,Kaufman Joseph,Calif Donut Shop,,,,,Cinco,MARLANEY'S NAIL SALON & BEAUTY SUPPLY,4
1519½,1519,odd,,,De Kool Garnet Mrs,,HERNANDEZ ARMANDO,,,,,2
1522,1522,even,,,,,,,,,VILLAGE PIZZA,1
1524,1524,even,,,,,,,,Patra Burgers,PATRA BURGERS,2
1525,1525,odd,,,Emidio's Italian & American Food Mart,Stefan's Italian & American Restaurant,TONITAS RESTRNT,TONITAS RESTRNT,TONITAS RESTRNT,Tonitas Restaurant,,6
1527,1527,odd,,,Anna's Dressmaking & Alterations,Frances' Beauty Salon,FRANCES BEAUTY SALON,FRANCES BEAUTY SALON,FRANCES BEAUTY SALON,Frances' Beauty Salon,RAY'S BARBER SHOP,7
1528,1528,even,Sweet O W,Neeland John S,Blue Goose Mkt,Blue Goose Mkt,,SUNSET BLVD LOAN,CARIBE FURNITURE,White Cross Store No 38,MARTIN'S AUTO PARTS NO 2,8
1529,1529,odd,,,,Hale Luis brbr,HALE L,BOULEVARD BARBR SHOP,BOULEVARD BARBR SHOP,Dolores' Shop,REYES EUSEBIO J,6
1530,1530,even,,,Kay Harry J mdsng,Dora's Shoppe,,SUCURSAL S,,Capri Beauty Salon,INTERNATIONAL BEAUTY SALON,5
1530½,1530,even,,,Zuk S r,Zuk S shoe store,ZUK S SHOE STORE,ZUK S SHOE STORE,ZUK S SHOE STORE,Zuk S,CHAHIN TRAVEL,7
1531,1531,odd,,,,D'Artista Emidio,,,,,D'Avila Clementina,2
1531¼,1531,odd,,Fleming Edan G Mrs,Watson Madeline,,IEZZA JOS,ARIAS N,,,,4
1531½,1531,odd,,Nelson Clyde V Dr,Miller Albert J r,Capra Anthony,,,,,Rivas Esperanza,4
1531¾,1531,odd,,Poole Marjorie,Santilli Elena,,,,,Lizarraga Guadalupe,,3
1532,1532,even,Weaver C B,,Garcia Photography Studio; Garcia Vidal photgrphr,,ALMOS CORPORATION,UNIVERSAL PRODS-SALS,MAGDALENO R-TAVRN,L & M Bar,LOS PINOS,7
1533,1533,odd,,,La Veta Clnrs,Sunset Trading Post,SUNSET TRADING POST,SUNSET TRADING POST,SUNSET TRADING POST,Sunset Trading Post,SIMON VIDEO,7
1534,1534,even,,,Cole F B Office Equipt Serv Co; Office Equipt Serv Co; Office Mach Serv Co,Office Mach Serv Co,OFFICE MACHINE,OFFICE MACHINE,OFFICE MACH SERV CO,Office Machine Service Co,,6
1535,1535,odd,,,Sunset Trading Post,,,,,Rodolfo's,ECHO PARK TRADING POST,3
1536,1536,even,,,Plummer Jim,Joe's Pizza Romana,FLORENCE DOUGHNT SHP,FLORENCE DOUGHNT SHP,BARRAGAN CAFE,Barragan Cafe,,6
1536½,1536,even,,,Joe's Pizza Romana; Siracusa Joe Joe's Pizza Romana,,,,,,,1
1537,1537,odd,,,,,SUNSET THE-COCKTAILS,SUNSET THE-COCKTAILS,SUNSET THE-COCKTAILS,Sunset The,,4
1538,1538,even,,,,Copper Lantern tavern,COPPER LANTERN,COPPER LANTERN,,,BARRAGAN'S MEXICAN RESTAURANT,4
1538½,1538,even,,,Gene's Beauty Shop,Gene's Beauty Shop,GENE BTY SHP,GENE BTY SHP,,,,4
1539,1539,odd,,,,,SUNSET PRINTING,SUNSET PRINTING,SUNSET PRINTING,,,3
1540,1540,even,Loomis D J,,Silver Henry atty,Silver Henry atty,SILVER HENRY ATTY,SILVER HENRY ATTY,SILVER HENRY ATTY,Silver Henry,,7
1541,1541,odd,,,,,COOVER BEAUTY SALON,COOVER BEAUTY SALON,COOVER BEAUTY SALON,Si Bon Beauty Salon,ROY'S MEAT CO,5
1542,1542,even,,,Leone Tony,Quia Johnny C,QUIA JOHNNY C,QUIA JOHNNY C,QUIA JOHNNY C,Quia Johnny C,,6
1543,1543,odd,,,Bulwinsch Alfred,Bulwinsch Alfred,,,,,,2
1544,1544,even,Thompson Wm,,,Acebo Lorenzo Larry's New Place; Larry's New Place,BARRAGAN CAFE,BARRAGAN CAFE,SUNSET FLOOR CVRNG,Ellis Beauty Supplies,,6
1545,1545,odd,,,B & G Plumbng Shop,B & G Plumbng Shop,B-G PLUMBING SHOP,B-G PLUMBING SHOP,B-G PLUMBING SHOP,B & G Plumbing Shop,,6
1546,1546,even,,,Fenstermaker Don K State Farm Ins; State Farm Insurance Co; Turkmany Joe J State Farm Ins Co,State Farm Insurance Companies Los Angeles agencies; Turkmany Joe J State Farm Ins Companies,,,ACEBO L-RECORDS,Acebo Lorenzo,,4
1547,1547,odd,,,Hutchinson Chas B Hutchinson Rlty Co; Hutchinson Rlty Co,Hutchinson Chas B ins; Hutchinson Realty Co,HUTCHINSON RLTY,HUTCHINSON RLTY,HUTCHINSON RLTY,Hutchinson Realty Co; Hutchinson Chas B,ELIZABETH'S BEAUTY SALON,7
1548,1548,even,,,Dreby Ernest E acct,Donut House The; Dreby Ernest E acct,,,MILLION DOLLAR BTY SALON NO 3; MILLION DOLLAR SALON,,,3
1548½,1548,even,,,,Aloha Land Co,,,,,,1
1549,1549,odd,,,Barnard Moving & Storage Co; Barnard Van & Storage Co; Bernard Van & Storage Co,Barnard Van & Storage Co; Bernard Van & Storage Co,LEES AUTMTC LAUNDRY,LEES AUTMTC LAUNDRY,LEES AUTMTC LAUNDRY,Lee's Automatic Laundry & Dry Cleaners,LEE'S AUTOMATIC LAUNDRY & DRY CLEANERS,7
1550,1550,even,,,Paris Cleaners,Hollywd Sunset Cleaners,,,,,,2
1554,1554,even,,,Ozzie's TV & Appliances,Gerry's Dept Store,GERRYS DEPT STORE,GERRYS DEPT STORE,GERRYS DEPT STORE,Gerry's Dept Store,GERRY'S DEPT STORE,7
1555,1555,odd,,,Ben's Furn Store Used; Ben's Used Furn Store,Ben's Furn Store Used; Ben's Used Furn Store,BENS USED FURNITURE,BENS USED FURNITURE,BENS USED FURNITURE,Baly Bros Wholesale,WENSLEY COMPANY,7
1557,1557,odd,,,Sam's Furn Used; Sam's Used Furn Store,Sam's Furn Used; Sam's Used Furn Store,SAMS USED FURN,SAMS USED FURN,SAMS USED FURN,Sam's Used Furniture Store,BARGAIN CENTER,7
1558,1558,even,,,,Gold Room The,GOLD ROOM THE,GOLD ROOM THE,GOLD ROOM THE,Gold Room The,GOLD ROOM; GOLD ROOM THE,6
1561,1561,odd,,,Coover Beauty Salon,Coover Beauty Salon,,,,,ADMIRAL CHECK CASHING SERVICES INC,3
1562,1562,even,,,,Oakman D F,,,,,,1
1562½,1562,even,,,Moreno Louis,,MC DANIEL MICKIE,MC DANIEL MICKIE,,,,3
1563,1563,odd,,Safeway Stores,Manufacturer's Shoe Mart; Meyers Al Manufacturer's Shoe Mart,Manufacturer's Shoe Mart; Meyers Al Manufacturer's Shoe Mart,MEYERS SHOE MART,MEYERS SHOE MART,MEYERS SHOE MART,Meyers' Shoe Mart,CROWN SHOES,8
1564,1564,even,,,,Maxwell Gilford,MAXWELL G,MAXWELL G,SANDELIN R M,,Soyster Jack Wm,5
1565,1565,odd,Smith F W; Vail Arthur,,,,,,,,,1
1566,1566,even,,,Arias G B Sunset Realty Spec; Samario Chas R Sunset Realty Spec; Sunset Realty Spec,Arias G B Sunset Realty Spec; Samario Chas R Sunset Realty Spec; Sunset Realty Spec,SUNSET REALTY,SUNSET REALTY,SUNSET REALTY,Sunset Realty Spec,ZOZULA CARLOS E,7
1568,1568,even,,,Testa Fillmore phy & surg,Testa Fillmore phy & surg,TESTA FILLMORE MD,TESTA FILLMORE MD,TESTA FILLMORE MD,Testa Fillmore MD,SUNSET-ECHO PARK MEDICAL CLINIC,7
1569,1569,odd,,,,American Oil Portraits,#5: ECHO PARK INVESTMENT,,,,,2
1569½,1569,odd,,,Elysian Lodge No 418 F&AM,,,,,,,1
1571,1571,odd,,Sunset Pharmacy,Sunset Pharmacy,Sunset Pharmacy,SUNSET PHARMACY,SUNSET PHARMACY; #6: SWADE S-DNTL LAB,SUNSET PHARMACY; #6: LE VINE S N DMD,Sunset Pharmacy,SUNSET PHARMACY,8
1572,1572,even,,,Bank of Amer Natl Trust & Saving Assn Also Bank of Amer branches Sunset-Echo Prk Branch,Bank of Amer Natl Trust & Saving Assn Also Bank of Amer branches Sunset-Echo Prk Branch,,,,,,2
1600,1600,even,Connely & Smith meats; Billinger A J gro,Seargeant J A,Sunpark Liquor Store,Sunpark Liquor Store,SUNPARK LIQUOR STORE,SUN PARK LIQUOR STR,SUNPARK LIQUOR STORE,Sunpark Liquor Store,FASHION CORNER OF ECHO PARK,9
1601,1601,odd,Williamson Fred gro,,Pioneer Super Mkt; Schaefer Winston Inc; Winston Schaefer Inc,Pioneer Mkt; Schaefer Winston Inc; Winston Schaefer Inc,SCHAEFER WM INC,SCHAEFER WM INC,PIONEER FOODS INC,Pioneer Foods Inc,PIONEER SUPERMARKETS,8
1602,1602,even,,,Henry's Wearing Apparel,Henry's Wearing Apparel,HENRYS MENS WEAR,HENRYS MENS WEAR,HENRYS MENS WEAR,Henry's Men's Wear,SONG KUN H,7
1603,1603,odd,Murray J A,,,,,,,,,1
1604,1604,even,,Brooks Maude E,,,LENNYES SPORTSWEAR,LENNYES SPORTSWEAR,,Gloria Hand Knits,,4
1604¼,1604,even,,,Gores Mary,Gores Mary; Leslie Frank,,,,,,2
1604½,1604,even,,,Green Elec Co Norman; Green Norman Elec Co; Poulos Arthur I Dr; Thrash Electric Co,Green Elec Co Norman; Green Norman Elec Co; Poulos Arthur I Dr; Thrash Electric Co,,,,,,2
1605,1605,odd,,,Brandes Leo MD; Rm 1: Deutsch L dntst; Rm 4: Gise E C investmts,Brandes Leo MD; Rm 1: Deutsch L dntst; Rm 4: Gise E C investmts,#1: DEUTSCH L; #4: GISE E C; (unit not given): BRANDES LEO MD,#1: DEUTSCH L; #4: GISE E C; (unit not given): BRANDES LEO MD,#4: GISE E C; (unit not given): BRANDES LEO MD,Brandes Leo MD; #1: Ramos Adalberto J DDS; #4: Winston Schaefer Realty Co,,6
1606,1606,even,Van Buskirk M H,,Gladys' Pet Shop,Gladys' Pet Shop,BUNNYS MUSIC VOX,BUNNYS MUSIC VOX,ECHO PRK PAWNBROKERS,,LA ECONOMICA FAMILY STORE,7
1606½,1606,even,,,Kelly's Barber Shop,Hollyway Barber Shop,,,,,,2
1607,1607,odd,,Willard Groc Co,,,,,,,,1
1608,1608,even,,,,,STARDUST CLEANERS,STARDUST CLEANERS,STARDUST CLEANERS,A A One Party & Gift Shop,,4
1608½,1608,even,,,,,ORANGE JULIUS,ORANGE JULIUS,ORANGE JULIUS-AMER,,SUNSET SNACK BAR,4
1610,1610,even,,,Lords Jewlrs,Lords Jewlrs,LORDS JEWELERS,LORDS JEWELERS,LORDS JEWELERS,Lords Jewelers,LORDS JEWELERS,7
1611,1611,odd,Abraham W E,,Factory Outlet,,,,,,,2
1611½,1611,odd,,Strong O G Mrs; Williamson The,Apt 105: Godfrey Thos L; Apt 201: Fisher Martha Rose; Apt 202: Roedema K Mrs; Apt 205: Shuster Jack; Apt 207: Turner Jessie; Apt 208: Carson Maud H; Apt 209: Buchter Tillie r; Apt 307: Stricker Jack r; Apt 309: Ondler Josephine; Apt 310: Ritt Louis E,Louisson Wm S Mrs; Apt 201: Ball Nannie C; Apt 205: Shuster Jack; Apt 207: Plotkin Bessie Mrs; Apt 208: Carson Maud H; Apt 210: Rullof Bertha; Apt 302: Elliott Hazel C Mrs; Apt 307: Stricker Jack; Apt 310: Renzoni Lawrence,#202: SHUSTER JACK; #205: HOLLAND EDW; #207: PLOTKIN BESSIE; #208: CARSON M; #210: RULLOF BERT; #301: LESLIE GRATIA E; #309: PHILIPS ANNIE,#202: SHUSTER JACK; #205: HOLLAND EDW; #207: PLOTKIN BESSIE; #208: CARSON M; #210: RULLOF BERT; #301: EARNS W; #309: PHILIPS ANNIE,BARBIC A; #104: RULLOF B; #202: SHUSTER JACK; #210: PHILIPS A; #301: DAVALOS H J; #306: RUDLEY J F,#202: Shuster Jack; #206: Mejia Nilo; #209: Valle Oscar E; #210: Philips Annie; #301: Hernandez Geo Davalos; #305: Barbic Anthony; #308: Montenegro German,,7
1612,1612,even,,,Lachs Harold D Dr optmtrst,Lachs Harold D Dr optmtrst,LACHS H D,LACHS H D,LACHS H D,Lachs Harold D Dr,BARRETO FERNANDO DR,7
1613,1613,odd,,,Lee's Automatic Laundry & Dry Cleaners,Lee's Automatic Laundry & Dry Cleaners,,MDX PURITY PHRMCIES,MDX PURITY PHRMCIES,MDX Purity Pharmacies,,5
1614,1614,even,,Sunset Apts; Forrest N O; Hayward A C,Apt 3: Mueller August L / Mueller Lydia H; Apt 5: Skaggs Rose; Apt 7: McClintock H L,Apt 2: Hicks Eva M; Apt 3: Mueller August L / Mueller Lydia H; Apt 5: Skaggs Rose; Apt 6: Keadle Bettie,#2: HICKS EVA M; #3: MUELLER AUGUST L; #4: GORES M; #6: KEADLE B,#2: HICKS EVA M; #3: MUELLER AUGUST L; #4: GORES M,#3: MUELLER AUGUST L; #5: ERCOLE V,#3: Mueller August L; #5: Ercole Vito,,7
1616,1616,even,,,Hollyway Cafe,Hollyway Cafe,HOLLYWAY CAFE,HOLLYWAY CAFE,HOLLYWAY CAFE,Hollyway Cafe,HOLLYWAY LOUNGE,7
1617½,1617,odd,,,Neal C A Mrs r,Neal C A Mrs,,,,,,2
1618,1618,even,,,Finer Jack Finer's Store for Men & Women; Finer's Store for Men & Women,Finer's Store for Men & Women,FINERS STORE,FINERS STORE,FINERS STORE,Finer's Store For Men & Women,FINER'S STORE FOR MEN & WOMEN; FINER DAVID STUDIOS,7
1619,1619,odd,,,Furst Paint & Hardware Co,Furst Bolt & Screw Co; Furst Hdwe & Paint Co,FURST HDWE-PAINT,FURST HDWE-PAINT,FURST HDWE-PAINT,Furst Hardware & Paint Co,,6
1619½,1619,odd,,,,Le Brun Paul E Mrs,LE BRUN P E,ESPERE R,,,,3
1620½,1620,even,,,Bohlen's Logan St Carpenter Shop,Bohlen's Logan St Carpenter Shop,BOHLENS LOGAN,BOHLENS LOGAN,BOHLENS LOGAN,Bohlen's Logan Street Carpenter Shop,,6
1621,1621,odd,,,Jack's Cafe; Apt 103: Cahoon Freda,Jack's Cafe,JACKS CAFE,EMERSON F L,WESLEY C J-MD,Wesley Carl J,,6
1621½,1621,odd,,Oates Wm C,Berryhill Glenn D dntst,Berryhill Glenn D dntst; Apt 103: Surbatovich Mihailo,BERRYHILL GLENN; #104: GAINBERG HOWARD S,#101: ZOZULA C E; #104: GAINBERG HOWARD S,#101: ZOZULA C E; #104: GAINBERG HOWARD S,,,6
1623,1623,odd,,,Mladinov Fred,Mladinov Fred,MLADINOV F,,,Zozula Carlos E,,4
1624,1624,even,,,Citizens National Trust & Savings Bank of Los Angeles branches city & county Echo Park-Sunset Bl Br,Citizens National Bank Echo Park-Sunset Blvd Br,CROCKER-CITIZENS BNK,CROCKER-CITIZENS BNK,CROCKER-CITIZENS BNK,,,5
1625,1625,odd,,,Neely Loyd E Dr DC,Neely Loyd E Dr DC,,,BOBS BARBER SHOP,Bob's Barber Shop,,4
1627,1627,odd,,,Betty's Quality Ice Cream,Ward's Quality Ice Cream,WARDS ICE CREAM,WARDS ICE CREAM,,Pacific Finance,,5
1630,1630,even,,,Gus's Bakery,Gus's Bakery,GUSS BAKERY,GUSS BAKERY,CAESARS BAKERY SHOP,Celaya Bakery,CELAYA BAKERY,7
1631,1631,odd,,Apex Pharmacy,Horn's Childrens Shop,Horn's Childrens Shop,HONG KONG CHEF,HONG KONG CHEF,TING S RESTAURANT,Ting Sam Restaurant,,7
1632,1632,even,,,Mode O'Day Frock Shop; Mode O'Day Shops L A shops,Mode O'Day Frock Shop; Mode O'Day Shops L A shops,MODE O DAY,MODE O DAY,MODE O DAY,Libreria Mexico,LIBRERIAS MEXICO DE CALIFORNIA INC,7
1634,1634,even,,Caisson R L,Behrens Francis Sunset Camera Exchange; Sunset Camera Exch,Behrens Francis Sunset Camera Exchange; Sunset Camera Exch,SUNSET CAMERA EXCH,SUNSET CAMERA EXCH,,Sunset Camera Exch Inc,SUNSET CAMERA EXCH INC,7
1643,1643,odd,,,,,,,SUNSET CAMERA,,,1
1700,1700,even,,Circle Drug Co,Circle Drug Co,Circle Drug Inc,CIRCLE DRUG INC,CIRCLE DRUG INC,CIRCLE DRUG,Circle Drug; Circle Rents & Sales,URGENT CARE MEDICAL PHARMACY; URGENT CARE MEDICAL CLINIC,8
1701,1701,odd,,,Gordon Motor Rebuilding; Gordon's Motor Rebuilding; Le Moyne Paint Co Inc,Gordon Motor Rebuilding; Raff's,GORDON MOTOR REBLDG; RAFFS PAINT-HDWARE; RAFFS PAINT-HDW,GORDON MOTOR REBLDG; RAFFS PAINT-HDWARE; RAFFS PAINT-HDW,GORDON MOTOR REBLDG; RAFFS PAINT-HDWARE; RAFFS PAINT-HDW,Raff's Paint & Hardware,PESCADO MOJADO INC,7
1702,1702,even,,,Emilie's greeting cards,Emilie's greeting cards,EMILIES,EMILIES GIFT SHOP,,Joyeria Mena; Mena Toys,MILLION DOLLAR DRUG CO,6
1703,1703,odd,,,So Calif Gas Co public ofcs,So Calif Gas Co,,,,,,2
1704,1704,even,,,Echo Park Medical Clinic; Kagan Harvey D Dr Echo Park Medical Clinic; Stein J M Dr Echo Park Medical Clinic,Echo Park Medical Clinic; Kagan Harvey D Dr Echo Park Medical Clinic; Stein J M Dr Echo Park Medical Clinic,ECHO PK MEDICAL,ECHO PK MEDICAL,SWANTEK L,,,5
1706,1706,even,,Jensen's Apts; Conahan Frank E; Harcourt Henry; Joint Lester; Kahle Geo R; Lassi Alfred; Matthews John T; Norton Ruth B; Oden Floyd C; Sloulin E; Van den Heuvel C A; Vaska Vena; Williams Lawrence D,(Jensen Apts); Apt 22: Brown Alice D; Apt 204: Mitchell Martha r; Apt 206: Louzein Shirley B r; Apt 207: Le Force Myrtle; Apt 211: Williams Mabel Mrs; Apt 214: Kooken Bruce; Apt 216: Driesslein Jessie; Apt 217: Olay Anna; Apt 218: Averill Beulah L; Apt 219: Hanley Reginald W; Apt 223: Jennings W Al; Apt 303: Craft Jas M; Apt 305: Bowles Margaret; Apt 306: Dennis Shirley; Apt 308: Olson Gertrude; Apt 310: Smalley Frank; Apt 311: Coleman Paul B; Apt 314: Brewer Anna Mrs; Apt 316: James Wm; Apt 319: Peterson Effie L; Apt 320: Dentzer Dora L; Apt 322: Shultz Alice,Apt 200: Straub Ida; Apt 201: Bottom C P Mrs; Apt 204: Mitchell Martha r; Apt 206: Louzein Shirley B r; Apt 207: Le Force Myrtle; Apt 208: Doumas Harry A; Apt 210: Wakefield Geo; Apt 211: Williams Mabel Mrs; Apt 214: Kooken Bruce; Apt 215: Hudson Alice Mrs; Apt 216: Driesslein Jessie; Apt 218: Hollister Hilda Mrs; Apt 219: Hanley Reginald W; Apt 220: Shumaker Margaret; Apt 221: Tucker Sadie B Mrs; Apt 222: Marshall Alice M; Apt 303: Lonegren Roy; Apt 305: Junken Isabel; Apt 308: Moore Hazel B; Apt 309: Clower Paul E; Apt 310: Long Milton J; Apt 311: James Wm; Apt 314: Averill Beulah L; Apt 316: Savary Anna N; Apt 318: Dentzer Dora L; Apt 321: Stauder Frances R; Apt 322: Billings L D,#200: STEWART CORA E; #201: BERG CLARA R; #204: PLUME N M; #208: DOUMAS HARRY A; #209: PETERSON ESSIE L; #210: ZALESKI SOFIE; #211: WILLIAMS M; #214: KOOKEN BRUCE; #219: HANLEY R W; #222: JUNKEN ISABEL; #301: SPEIDEL AGNES; #303: LONEGREN ROY; #304: ROSE BLANCHE; #307: SEARS L; #308: MOORE HAZEL B; #309: SITTER L; #317: POIROT ANGELINE; #318: DENTZER D L; #319: CAMPBELL J; #321: STAUDER FRANCES; #322: BILLINGS L D,DECKER I H; #200: STEWART CORA E; #201: BREDY E M; #204: PLUME N M; #205: BARRON G; #209: PETERSON ESSIE L; #210: KOZIK M; #214: KOOKEN BRUCE; #217: BELLESIS A D; #219: HANLEY R W; #221: BROWN D W; #222: JUNKEN ISABEL; #301: SPEIDEL AGNES; #303: LONEGREN ROY; #304: ROSE BLANCHE; #307: DUNCAN G A; #308: MOORE HAZEL B; #309: SITTER L; #312: SEARS L; #314: VEZERIAN F; #317: POIROT ANGELINE; #318: DENTZER D L; #319: CAMPBELL J; #320: DOUMAS H A; #321: STAUDER FRANCES; #323: DAKE W E,#200: STEWART CORA E; #201: BREDY E M; #203: STEWART M L; #204: PLUME N M; #207: HARLOW V; #209: MUCICH M M; #211: JUNKEN I; #213: TRIDENT ENTERPRISES; #215: PETRIS N; #217: BELLESIS A D; #219: HANLEY R W; #302: DAKE W E; #303: BRANT N G; #304: ROSE BLANCHE; #305: MCGILL C V; #307: DUNCAN G A; #308: MOORE HAZEL B; #310: JOSEPH R E; #314: VEZERIAN F; #317: POIROT ANGELINE; #318: DENTZER D L; #319: REED S E; #320: DOUMAS H A; #322: DECKER I H,#201: Ross Emma I Mrs; #211: Vasquez Jessie; #212: Berrios Catalina; #217: Sanchez Jose; #221: Barber Russell; #302: Schonborn John; #308: Moore Hazel B; #309: Ordaz Guadalupe; #312: Zimeri Elmer A; #315: McGill Chas V; #322: Amial T,Gorzo George A; #201: Hamar Milan; #207: Navarro Luis; #210: Moore Helena; #215: Szulc Zbigniew; #219: Hurtado Armando; #222: Rouvian Walter; #300: Villagomez Patricia; #304: Zubel Jacek; #307: Rojas Antonio; #308: Moore Hazel B; #309: Ordaz Guadalupe; #312: Soeltan Siema Sabena; #322: Posmyk Zbigniew; #323: Kroupa Jaroslav,8
1706¼,1706,even,,,,,,,,,TOP DISCOUNT,1
1706½,1706,even,,,,,,,,R & M Income Tax Service,DIAZ RAFAEL J,2
1707,1707,odd,,,Associated Furn Co,Associated Furn Co,ASSOC FURN CO,ASSOC FURN CO,ASSOC FURN CO,Big M Stores,PAYLESS SHOE SOURCE,7
1708,1708,even,,,Hansen Carl A watch reprng,Hansen Carl A watch reprng,,,CHIZZINIS FASHIONS,Fashions Plaza,RENE STORE,5
1710,1710,even,,,Bernard's Fabrics,Onyx Beauty Salon,DORAS SHOPPE,DORAS SHOPPE,DORAS SHOPPE,Dora's Shoppe,NENA'S SHOPPE,7
1712,1712,even,,,Jeanette's Children's Wear & Toys,Toni's,HOUSE OF BARGAINS,HOUSE OF BARGAINS,,Madrid Restaurant,MADRID RESTAURANT,6
1712½,1712,even,,,Department of Water & Power L A City Metropolitan Br Ofcs Sunset-Glendale,Department of Water & Power L A City Sunset-Glendale,,,INCAS-COFFEE SHOP,Madrid Restaurant,,4
1714,1714,even,,,Charlotte Shop The apprl; Wulfe Milton Charlotte Shop The apprl,Charlotte Shop The apprl; Wulfe Milton Charlotte Shop The apprl,TONIS,TONIS,TONIS,Valdes Yardage,FASHION FIVE II,7
1715,1715,odd,,Reno Rose Mrs,Dell's Hazel Flowers & Gifts; Hazel Dell's Flowers & Gifts,Dell's Hazel Flowers & Gifts; Hazel Dell's Flowers & Gifts,DELLS HAZEL FLOWERS,DELLS HAZEL FLOWERS,DELLS HAZEL FLOWERS,Dell's Hazel Flowers & Gifts,,7
1716,1716,even,,,,,,KARLS SHOE STORES,KARLS SHOE STORES,Karl's Shoe Stores Ltd,,3
1717,1717,odd,,Brown W C,Honest Abe Auto Supply Inc; Southland Auto Supply See Honest Abe Auto Supply Inc,Honest Abe Auto Supply Inc; Southland Auto Supply See Honest Abe Auto Supply Inc,HONEST ABE AUTO,HONEST ABE AUTO,HONEST ABE AUTO,Honest Abe Auto Supply Inc,,7
1720,1720,even,,,Owl Drug Co The Sunset & Lemoyne Store,Owl-Rexall Drug Co The Owl Franchise Dlr Sunset & Lemoyne,OWL-REXALL DRUG,OWL-REXALL DRUG,OWL-REXALL DRUG,Owl-Rexall Drug Co The,HONEST ABE AUTO SUPPLY INC,7
1721,1721,odd,,Kreps Wm W,,,ZUKS SHOE STORE,ZUKS SHOE STORE,BERNAL A; EL RODEO,El Rodeo,EL RODEO,6
1722,1722,even,,,Kirby's Shoe Stores,Kirby's Shoe Stores,KIRBYS SHOE STORES,KIRBYS SHOE STORES,,Kirby's Shoe Store,PATRINI SHOES,6
1723,1723,odd,,Lindsay R T Dr,Helen's Dressmaking & Alterations,Jay Leslie's; Leslie's Jay,,MAIMANS GIANT STORE,,,,4
1724,1724,even,,,Woolworth F W Co-5-10 & 15c Stores,Woolworth F W Co variety strs,WOOLWORTH F W CO,WOOLWORTH F W CO,WOOLWORTH F W CO,Woolworth F W Co,WOOLWORTH F W CO,7
1725,1725,odd,,,Ruccione Guido F phy&sur,,GIANT DOLLAR STORE,,,,,2
1727,1727,odd,,,Parkside Journal,Northwest Leader; Parkside Journal,NORTHWEST LEADER; PARKSIDE JOURNAL,NORTHWEST LEADER; PARKSIDE JOURNAL,NORTHWEST LEADER; PARKSIDE JOURNAL,Sunset Wig Center,,6
1729,1729,odd,,Spinning Apts,Bierent A Mrs r,Bierent A Mrs r,,,,,,3
1731,1731,odd,,,Jay Leslie's; Leslie Jay; Leslie's Jay,Bunny's Music Box records,HORNS CHILDRENS SHOP,HORNS CHILDRENS SHOP,HORNS CHILDRENS SHOP,Pac Record Shop,,6
1755,1755,odd,Haller Samuel,,,,,,,,,1
1800,1800,even,,,Kory's Mkts Inc Mkt No 12; Kory's Mkts Inc Market No 12 Meat Dept; Van de Kamp's Holland Dutch Bakers Inc Bon Ton Mkt,,SILVERMANS DEPT STORE,,EL CARMELO RESTRNT,El Carmelo Bakery,EL CARMELO BAKERY,5
1801,1801,odd,,,Par Paint Co,Par Paint Co,PAR PAINT CO,PAR PAINT CO,PAR PAINT CO,Par Paint Co,PAR PAINT CO INC,7
1801½,1801,odd,,Gottenberg Michael,"[address printed, no name]","[address printed, no name]",,,,,,3
1802,1802,even,,,,,CALIF FEDERAL SAVNGS,CALIF FEDERAL SAVNGS,,,,2
1803,1803,odd,,Kenny C B Dr,Rowe Harold Dr; Rowe Stephen Dr; Apt 2: Joseph Rose Edith,Rowe Harold Dr; Rowe Stephen Dr; Apt 2: Joseph Rose Edith,ROWE S,MNICH R M DR; #2: JOSEPH R E,LIVELY H C; MNICH R M DR,Mnich Raymond M Dr; Sherman Fred Dr; Lively Harvey C,MORENO JOSE; CAMPION TOBY DC; MNICH RAYMOND M DR,8
1803½,1803,odd,,Hubbard Vanda,,,,,,,,1
1804,1804,even,,,,,ONYX BEAUTY SALON,ONYX BEAUTY SALON,ONYX BEAUTY SALON,,,3
1805,1805,odd,,,Label Inn,Label Inn,LABEL INN THE,LABEL INN THE,EL PRADO BEER BAR,El Prado,EL PRADO,7
1806,1806,even,,,,,BILLS SPORTING GOODS,BILLS SPORTING GOODS,ALMACENES A,Alamar Jewelry,ALAMAR TRAVEL SERVICE; ALAMAR JEWELRY; ALAMAR TRAVEL BUREAU,5
1807,1807,odd,,Straub Eli S,Marlene Beauty Shoppe,Marlene Beauty Shoppe,MARLENE BTY SHOP,MARLENE BTY SHOP,SHARVAT BEAUTY SALON,Sharvat Beauty Salon,SHARVAT BEAUTY SALON,8
1808,1808,even,,,,Youngs Pet Shop,YOUNGS TROPICAL FISH,,MARKS YARDAGE OUTLET,Mark's Yardage & Remnants Outlet,APPLE TRAVEL BROKERS INC,5
1809,1809,odd,,,Ballard Rlty Co,Willingham E H rltr,GORDON JIM E RLTY,GORDON JIM E RLTY,GORDON JIM E RLTY,Gordon Jim E Realty,GORDON CHRISTMAS REAL ESTATE,7
1811,1811,odd,,Emshwiller Mayme,Anson Amsden H,Grave Ben,GRAVE B,GRAVE B,GRAVE B,Underhill Clyde; Underhill Ella,,7
1811½,1811,odd,,,,,BOYLE EVA W,BOYLE EVA W,,Aldridge Jimmy,Aldridge Jimmy,4
1813,1813,odd,,,Corman Edna,Corman Edna,CORMAN EDNA,CORMAN EDNA,CORMAN EDNA,,Piedra Juan V,6
1813½,1813,odd,,,Ludington Elmer r,,,GILBERT M,GILBERT M,Gilbert Mary,,4
1814,1814,even,,,Stewart Lithograph Co,,,,,,,1
1816,1816,even,,,,Sacchi Portrait Studio photgrphr,ECHO PARK VACUUM SLS,ECHO PARK VACUUM SLS,,,ALAMAR FURNITURE,4
1816½,1816,even,,,Hardin Transfr & Storage Co; Hardin's Storage & Transfr Co,Hardin Piano Movers; Hardin Transfr & Storage Co; Hardin's Storage & Transfr Co,K-Y PIANO MOVERS,K-Y PIANO MOVERS,JULIA MFG CO,,,5
1817,1817,odd,,Kenmore Apts; Lamont Janet L; Wilson Zenia P Mrs,,,,,,,,1
1820,1820,even,,,Sacchi Portrait Studio photgrphr,,,,,,,1
1822,1822,even,,,Barraza Natalia restrnt,Nayarit Restaurant,NAYARIT RESTAURANT,NAYARIT RESTAURANT,,Nayarit Restaurant,NAYARIT RESTAURANT,6
1824,1824,even,,,American Legion Echo Park Post No 414,American Legion Los Angeles Posts Echo Park Post No 414,,SILVERLAKE NATL BANK,,Photoland Studios; Glynn Boxer & Phillips; #106: Circulo Chileno; #202: Meyers Signs,GLYNN BOXER & PHILLIPS,5
1825,1825,odd,,,Geanies Beautiful Dresses,Geanies Beautiful Dresses,GEANIES DRESSES,GEANIES DRESSES,GEANIES DRESSES,Hiro Realty Co,PETRIE GEORGE A; #7: Rothermel Conrad G,7
1827,1827,odd,,"Roberts Arms Apts; Campbell Alice; Lamb Eugenia; Starks Mattie P; #7: (phone listed, no name); #11: (phone listed, no name); #15: (phone listed, no name); #17: (phone listed, no name); #19: (phone listed, no name); #28: (phone listed, no name)",Apt 1: Ferrell Mary A / Ware Jeanette; Apt 2: Chatman Gladys; Apt 3: Sundine Virginia R; Apt 4: Fisher Roberta; Apt 5: McHan Anna; Apt 102: Carnes Ruth Mrs; Apt 103: Berryhill Geo E; Apt 104: Rosnau Adeline; Apt 105: Thorup Maria; Apt 106: Miller Frances M; Apt 107: Stegall Sarah; Apt 202: Pate Delton B; Apt 203: Pittock Lettie Mrs; Apt 204: Carpenter Stella; Apt 205: Evans Lola; Apt 207: Gans Blanche Mrs,Apt 1: Ferrell Mary A; Apt 2: Chatman Gladys; Apt 4: Black Nina L; Apt 7: Nelson Tullia; Apt 101: McLendon Geo Mrs; Apt 102: Buck Florence M Mrs; Apt 103: Roedema K Mrs; Apt 106: Miller Frances M; Apt 107: Dunwoody Viola Mrs; Apt 108: Dinwiddie Ethel C Mrs; Apt 201: Powell Joann; Apt 203: Rushton Marion; Apt 204: Carpenter Stella; Apt 205: Evans Lola,#1: FERRELL MARY A; #3: LINDBLAD S ENGL MRS; #7: ROBERSON LILLIAN; #101: MC LENDON GEO; #108: SMITH ISABEL; #202: OLSON C; #205: EVANS LOLA; #206: MURRAY LILY,#1: FERRELL MARY A; #2: BURNETT M L; #3: LINDBLAD S ENGL MRS; #7: ROBERSON LILLIAN; #101: MC LENDON GEO; #102: HENIGMAN M R; #108: SMITH ISABEL; #201: MURRAY L; #202: OLSON C; #205: MERLO A F,#1: DIETZ E; #3: LINDBLAD S ENGL MRS; #5: LOGG E M; #102: CUCCIA C; #103: ROBERSON L; #104: STARR K; #105: FREEMAN F; #108: SMITH ISABEL; #202: CARTER M; #205: COMPTON O H,#8: Neslund Nels; #103: Barnes Fred; #104: Chicarello Rose; #108: Robertson Harry; #201: Bickerdike Vallie Mrs; #203: Johnson Florence; #208: Tinsley E L,Stevens Jack J; #103: Chaffin James; #208: Jacyna Albert,8
1828,1828,even,,,,,,,,Onyx Beauty Salon; #1: Bankers Financial Co; #3: Helena Leasing Co,CENTRAL CITY ACTION COMMUNITY,2
1829,1829,odd,,,,,,HERBS KEY SHOP,HERBS KEY SHOP,Herb's Key Shop; Herb's Master Locksmiths,HERB'S MASTER LOCKSMITHS,4
1830,1830,even,,,,Apt 5: Hemme Laura E; Rm 7: Dostal S Dental Lab; Apt 9: Blevins Geo M / Espin Douglas,#5: GILKEY BIRDIE M; #7: DOSTAL S DENTAL LAB,#5: KINNIS E F,[BUILDING – no units listed],Cohen Michael B Dr; #5: Puentes Esther,COHEN MICHAEL B DR; #6: Espinoza Alfredo,6
1832,1832,even,,,Banks Johnny Blinds; Banks Venetian Blind Mfrs,Banks Interiors; Banks Johnny Blinds; Banks Venetian Blind Mfrs,BANKS VENETIAN BLIND,BANKS VENETIAN BLIND,BANKS VENETIAN BLIND,,,5
1834,1834,even,,,Charm Beauty Shop; Apt 11: Hooten Richard W,Charm Beauty Shop,,,,,SUNSET WEST CAMERA SERVICE,3
1836,1836,even,,,,,,,,Fernandez & Lopez,DeLaPiedra Nubia,2
1838,1838,even,,,,,,,,#M: Lincoln Driving School,,1
1841,1841,odd,,,Apt 104: Freeman T R r; Apt 106: Drozd Signe; Apt 201: Lively Bobby Gene Sr / Robert Arms Apts; Apt 203: Rhoads Evelyn M r; Apt 206: Hensley Lillian M Rev; Apt 208: Moore Mattie Mable r; Apt 301: Blaskowsky Lorraine; Apt 401: Dodd Geo T; Apt 403: Birchenough H Mrs r; Apt 405: Bogin Lila; Apt 406: Churm Grace F; Apt 407: Abshere Josefa,Apt 101: Drozd Signe; Apt 103: Llewellyn Dolores W / Mercado Patricia; Apt 104: Freeman T R r; Apt 107: Schmid Louis H; Apt 201: Lively Bobby Gene Sr / Robert Arms Apts; Apt 204: Chatterton C G; Apt 207: Temple A J Shorty; Apt 208: Moore Mattie Mable r; Apt 303: Wise Goldie; Apt 304: Handley Annetta / Whiteside Wm G; Apt 403: Birchenough H Mrs r; Apt 405: Patton Martha M; Apt 406: Farnham Olive I; Apt 407: Abshere Josepha,#101: EDWARDS RITA; #104: FREEMAN T R; #201: ROBERT ARMS APT; #206: BRANT N G; #208: MOORE MATTIE M; #301: CONNELLY A; #303: LUDDEN B M; #403: COQUILLETTE H; #404: FARNHAM OLIVE I; #406: HARTHMAN A F,#101: EDWARDS RITA; #104: FREEMAN T R; #107: TUCKER S B; #108: BEER Z M; #201: ROBERT ARMS APT; #203: DEMMON H L; #206: BRANT N G; #208: MOORE MATTIE M; #301: CONNELLY A; #303: CHAVANNAZ T; #304: WOLFE R L; #308: AALAND M; #403: COQUILLETTE H; #404: FARNHAM OLIVE I; #406: HARTHMAN A F; #407: PREZEL R R; #408: WILLIAMS G,#101: EDWARDS RITA; #104: FREEMAN T R; #105: CULMAN L M; #201: ROBERT ARMS APT; #206: MEEK R; #208: MOORE MATTIE M; #301: CONNELLY A; #303: JENNINGS M E; #305: PAYNE M M; #306: WILLIAMS G; #308: AALAND M; #403: HAACK A; #406: GRIMES V G,#102: Gonzales Bernarda; #201: Draling Frank M; #208: Moore Mattie Mable; #301: Connelly Aleen; #302: Denton Ellery N; #308: Brant N G; #403: Haack Alma; #405: Reed Howard S; #407: Mendoza Clara,#1: Delses Julio R; #104: Castillo Sara; #302: Cabrera Ana Maricela; #401: Carrillo Enrique; #403: Estrada Victor; #406: Moo Loydy,7
1847,1847,odd,,,,,[APARTMENT – no units listed],[APARTMENT – no units listed],,,,2
1900,1900,even,,,Herb's Bike & Key Shop,Herb's Bike & Key Shop,,,CALIF FEDERAL SAVNGS; PACIFIC PARKING CORP,National Cystic Fibrosis Research Foundation; California Federal Savings & Loan Association; #375: Inner City Housing Corp; #405: Pacific Parking Corporation,EXECUTIVE PARKING SERVICE,5
1901,1901,odd,,,McMahon's Serv,McMahon's Serv,LA CIENEGA FLORIST,STANS PRODUCE,DEACON JONES-RESTRNT,Maya Restaurants,LA ADELITA -SUNSET; LA ADELITA-SUNSET,7
1910,1910,even,,,,,,,MUNICIPAL LIEN SERV; #460: ANSON-GLEAVES-ATTYS; #470: HITCHCOCK PUBLISHING; #800: CASS-JOHANSING / CASS-JOHANSING-INS,S C S Associates; Studio Watts Endowment Fund; Shabkie Semon J; Municipal Lien Service; Nurses Professional Registry Agency; Kaiser Permanente Medical Care Program; #350: Planned Equity Corp; #420: Young And Associates Inc; #460: Friedman Irwin M; #470: Synergy Advertising Inc; #474: United Telegraph Workers AFL-CIO; #475: Hitchcock Publishing Co; #800: Cass & Johansing; #840: Los Angeles Hebrew Mission,ANGELUS TEMPLE; FISCAL EMPLOYEES FEDERAL CREDIT UNION; #100: WINSTON SCHAEFER REALTY CO; #220: PARK SUNSET BUILDING; #327: SHAMBALLA GLOBAL CORP; #430: L A COUNTY PROFESSIONAL PEACE OFFICERS; #450: HING ALBERT L AGENCY; #460: LEW & WANG; #465: YOUNG AND ASSOCIATES INC; #610: WORLD BOOK INC DIVISION OFFICE; #630: WEXLER JANICE VOCATIONAL TESTING SERVICES; #650: JWCH INSTITUTE INC; #800: CASS & JOHANSING; #825: CALIF ASSN OF PROFESSIONAL EMPLOYEES; #830: MOUNTAIN STREAM PROPERTY DEVELOPMENT / UNIVERSAL CONSTRUCTION; #840: M V C ASSOCIATES; #850: LOS ANGELES COUNTY PROFESSIONAL PEACE / SENTANCE DAVID CLU CHFC; #900: HELITAC AVIATION INC,3
1911,1911,odd,,Power J D,Botwin's Cafe & Sierra Room; Sierra Room & Cafe Botwin's,Botwin's Cafe & Sierra Room; Sierra Room & Cafe Botwin's,LES FRERES T RSTRNT,LES FRERES T RSTRNT,LES FRERES T RSTRNT,Les Freres Taix French Restaurant,LES FRERES TAIX FRENCH RESTAURANT,8
1912,1912,even,,,,,,,SILVERLAKE NATL BANK,Hongkong Bank Of California,,2
1918,1918,even,,,Brite Spot Cafe,Brite Spot Cafe,BRITE SPOT CAFE,BRITE SPOT CAFE,BRITE SPOT CAFE,Brite Spot Cafe,BRITE SPOT FAMILY RESTAURANTS,7
1920,1920,even,Vacant,,Mac's Auto Repair,Drive-In-Body & Fender Works; Herron's Top Shop,,,,,,3
1921,1921,odd,Roberts O E,,,,,,,,,1
1925,1925,odd,,Reliable Quality Mkt,Morrie's Liquors,Morrie's Liquors,ECHO LIQUOR STORE,ECHO LIQUOR STORE,TAIX VINS ET LIQUEUR,Taix Vin & Liqueur,,7
1927,1927,odd,,,Matlin Stationers,Parsons' Stationers,PARSONS STATIONERS,PARSONS STATIONERS,PARSONS STATIONERS,,,5
1929,1929,odd,,,Mike's Cafe,Mike's Cafe,SUNSET CAFE,SUNSET CAFE,,,,4
1931,1931,odd,,,Park Furn Co; Park's Furn Co,Park Furn Co,ARBITER STANLEY MD; PARK SUNSET PHARMACY; WILTERN MEDICAL LAB; ZIFF SHELDON M ATTY,ARBITER STANLEY MD; DICKEY D R-OPTMRST; PARK SUNSET PHARMACY; WILTERN MEDICAL LAB,ARBITER STANLEY MD; PARK SUNSET PHARMACY; WILTERN MEDICAL LAB,Arbiter S MD & Beller L MD & Cowan H; Park Sunset Pharmacy; Arbiter Stanley I MD,PARK SUNSET PHARMACY; ARBITER STANLEY I MD,7
1945,1945,odd,Rannells Land Co (branch),,,,,,,,,1
1950,1950,even,,,Baumen G G Baumen G Gailliard atty; Baumen G Gailliard atty,Baumen G G atty; Holzhauer Robt atty; Wheeling Wm T CPA,BAUMEN G G; GUYON F R-ATTY,BAUMEN G G; GUYON F R-ATTY,BAUMEN G G,Baumen G G,BAUMEN G G,7
2002,2002,even,,"Bon-Air Apts; Cleary Edw Mrs; #104: (phone listed, no name); #105: (phone listed, no name); #106: (phone listed, no name); #107: (phone listed, no name); #200: (phone listed, no name); #202: (phone listed, no name); #206: (phone listed, no name); #210: (phone listed, no name); #300: (phone listed, no name); #304: (phone listed, no name); #307: (phone listed, no name)",(Bon Air Apts) ofc; Apt 103: Thompson Nell Ellen; Apt 104: Martyne Elissa M; Apt 106: Phillips E E Mrs r; Apt 110: Terry Belle G Mrs; Apt 201: Page Wm E; Apt 205: Baird Charlotte; Apt 206: Carter Nellie M r; Apt 212: Conover G P r; Apt 305: Edwards Rita r,(Bon Air Apts) ofc; Apt 102: Davis Jas W; Apt 107: Edwards Rita; Apt 112: Dale Arabelle Mrs; Apt 202: Morrow Edna E Mrs; Apt 204: Wolfe Lloyd; Apt 206: Carter Nellie M r; Apt 300: Koonter Willard D; Apt 305: Schuck Florence; Apt 309: Waterman Ann,#101: HERZSTEIN HERBERT; #106: WOOD KATHY; #200: CARAWAN RALPH; #209: JONES-GREENE M E; #304: HUGHES JOS; #312: RASK JOHN N,#101: HERZSTEIN HERBERT; #106: WOOD KATHY; #200: CARAWAN RALPH,#101: HERZSTEIN HERBERT; #106: WOOD KATHY; #107: RAYNA J; #200: CARAWAN RALPH; #201: BACA M; #202: HALL R D; #206: OLSON A M; #300: ALMUSTAFA E,#101: Herzstein Herbert; #204: Sanchez Olimpia; #205: Armas Lubia; #311: Villarruel Candido,#102: Gallegos Jose; #105: Maria Jesus; #201: Araiza Maria; #208: Barajas Alberto,8
2005,2005,odd,,,United States Government post office dept L A Post Office Substations Edendale Stn,United States Government post office dept L A Post Office Substations Edendale Stn,U S POST OFC,U S GOVT,US GOVT-POST OFFICE,,,5
2011,2011,odd,,,Gilson Moe Peerless Shade Co; Gilson's Venetian Blind Co; Peerless Hdwe & Shade Co Peerless Shade Co; Peerless Shade Co; Peerless Shade & Hdwe Co Peerless Shade Co,Peerless Hdwe & Shade Co,PEERLESS HARDWARE,PEERLESS HARDWARE,PEERLESS HARDWARE,Peerless Hardware & Shade Co,PEERLESS HARDWARE,7
2013,2013,odd,Perrin C L carriages,,,,,,,,,1
2014,2014,even,,,Amorelli Anthony r,Amorelli Anthony r,AMORELLI A,AMORELLI A,AMORELLI A,Amorelli Anthony,,6
2014½,2014,even,,,Tieffer Frank,,CLARKE MARY LOU,,,,,2
2015,2015,odd,Perrin C L,"Echo Apts; #206: (phone listed, no name)",Apt B2: Murray Lily; Apt 107: Perham John F; Apt 204: Dalton David L; Apt 207: Tomlinson Rose r,Apt B2: Murray Lily; Apt 102: Register Fred; Apt 207: Tomlinson Rose r; Apt 304: Morrow Fred,MARIAN APTS,MARIAN APTS; #106: GASELE R,#105: NAVARRETE J,,,7
2016,2016,even,Hannaford C N; rear: Ulrich A U,Dell Clara Conway,Kenney Wayne M E,,CHAVEZ J JR,COFFEY L,COFFEY L,Hubble Daryl,Gomez Amparo,8
2016½,2016,even,,,,,,,,Amorelli Ralph,,1
2018,2018,even,,Spencer D C,,,,,,,,1
2022,2022,even,Rhodin August,McNeill Geo D,,Armstrong Evelyn,BICKERDIKE VALLIE,BICKERDIKE VALLIE,,,,5
2022½,2022,even,,,Albistegui Jose C,Albistegui Jose C,ALBISTEQUI JOSE,,,Sanchez Jesus,,4
2023,2023,odd,,,Simon E H ins agcy; Simon E H pub acct; Simon Ins Agcy,Simon E H; Simon E H ins agcy; Simon E H pub acct; Simon Ins Agcy,SIMON E H,SIMON E H,GLYNN-BOXER-CPAS,,,5
2025,2025,odd,,Safeway Stores,Empire Creditors Serv; Gaffaney Leo F Empire Creditors Serv,Empire Creditors Serv Corp; Gaffaney Leo F Empire Creditors Serv Corp,EMPIRE CREDITORS,EMPIRE CREDITORS,EMPIRE CREDITORS,,,6
2028,2028,even,Vacant,Harshman Florence,,,RUSHTON L E,,,,,3
2029,2029,odd,,,Kulka Elec Mfg Co; Smith Jos M Co mfrs agts,Aquafilter Westrn; Holmes Louis A; Kulka Elec Mfg Co; Smith Jos M Co Inc mfrs agts; Westrn Travelers Ins,NAGAO EDDIE E RL EST,NAGAO EDDIE E RL EST,NAGAO EDDIE E RL EST,,,5
2034,2034,even,,Hernandez Mary C Mrs,Jensen Arthur A rl est,,L-B USED TV,,,,,3
2035,2035,odd,,,California Bank L A Branch Ofcs Sunset & Alvarado Ofc,California Bank L A Branch Ofcs Sunset & Alvarado Ofc,UNITED CALIF BANK,,,Standard Oil Company Of California Western; Caceres Victor M,CACERES VICTOR CHEVRON SERVICE,5
2040,2040,even,,,,,,,SUNSET-EAST CAR WASH; SWANK FRANK THE,Corina's Taco House No 2; Sunset-East Car Wash,SUNSET-EAST CAR WASH,3
2100,2100,even,,Drakes Drugs,Emerald Drugs,Emerald Drugs,PIZZA BOZZA,PIZZA BOZZA,PIZZA BOZZA,Pizza Bozza,PIZZA BOZZA & DELI,8
