lot,side,1906_land_use,1906_confidence,1906_business_buckets,1906_notes,1927_land_use,1927_confidence,1927_business_buckets,1927_notes,1956_land_use,1956_confidence,1956_business_buckets,1956_notes,1960_land_use,1960_confidence,1960_business_buckets,1960_notes,1964_land_use,1964_confidence,1964_business_buckets,1964_notes,1965_land_use,1965_confidence,1965_business_buckets,1965_notes,1968_land_use,1968_confidence,1968_business_buckets,1968_notes,1973_land_use,1973_confidence,1973_business_buckets,1973_notes,1987_land_use,1987_confidence,1987_business_buckets,1987_notes
1400,even,,,,,Commercial,high,Health & medical,,Commercial,high,Food stores,,Commercial,high,Food stores,,Commercial,high,Food stores,,Commercial,high,Food stores,,Commercial,high,Food stores,,Commercial,high,Food stores,,Commercial,high,Restaurants & bars,
1402,even,,,,,,,,,Commercial,high,Personal services,,Commercial,low,Unidentified business,,Commercial,low,Unidentified business,,Commercial,low,Unidentified business,,Commercial,high,"Home furnishings, hardware & appliances",,Commercial,high,"Home furnishings, hardware & appliances",,Commercial,low,Unidentified business,
1406,even,,,,,Commercial,low,Unidentified business,,Commercial,high,"Finance, insurance & real estate",,Commercial,medium,"Finance, insurance & real estate",,Residential – single-family,low,,,Residential – single-family,low,,,Residential – single-family,low,,,,,,,,,,
1407,odd,Residential – single-family,medium,,,Residential – single-family,medium,,,,,,,,,,,,,,,,,,,,,,,,,,,,,,
1408,even,,,,,,,,,,,,,,,,,,,,,,,,,Residential – single-family,low,,,,,,,,,,
1410,even,,,,,,,,,,,,,,,,,,,,,,,,,,,,,Institutional,high,Institutional & civic,,Residential – multifamily,high,,
1412,even,,,,,Residential – multifamily,high,,,Residential – multifamily,high,,,Residential – multifamily,high,,,Residential – multifamily,high,,,Residential – multifamily,high,,,Residential – multifamily,high,,,Residential – multifamily,high,,,Mixed-use,high,Personal services,
1414,even,,,,,,,,,,,,,Commercial,high,Food stores,,Commercial,high,Food stores,,Commercial,high,Food stores,,Commercial,high,Food stores,,,,,,,,,
1416,even,Residential – single-family,medium,,two surnames at one number: boarders or a second unit,Residential – single-family,medium,,,,,,,,,,,,,,,,,,,,,,,,,,,Commercial,high,Auto sales & service,
1417,odd,Residential – single-family,medium,,,,,,,,,,,,,,,,,,,,,,,,,,,,,,,,,,
1420,even,,,,,,,,,Commercial,high,"Light industrial, trades & wholesale",,Residential – single-family,medium,,,,,,,,,,,,,,,,,,,,,,
1421,odd,,,,,,,,,,,,,,,,,Residential – multifamily,high,,,Residential – multifamily,high,,,Residential – multifamily,high,,,Residential – multifamily,high,,,Residential – multifamily,high,,
1422,even,,,,,,,,,,,,,,,,,Commercial,high,Food stores,,Commercial,high,Food stores,,Commercial,high,Food stores,,Commercial,high,Food stores,,Commercial,high,Food stores,
1425,odd,,,,,,,,,Residential – multifamily,high,,,,,,,Residential – multifamily,high,,,,,,,,,,,,,,,,,,
1426,even,,,,,Residential – single-family,medium,,,Residential – single-family,medium,,,Residential – single-family,medium,,,Residential – multifamily,high,,,Residential – multifamily,high,,,Residential – multifamily,high,,,Residential – multifamily,high,,,,,,
1427,odd,,,,,,,,,Commercial,high,Food stores,,Commercial,high,Food stores,,Commercial,high,"Finance, insurance & real estate",,Commercial,high,"Finance, insurance & real estate",,,,,,,,,,,,,
1428,even,,,,,Residential – multifamily,medium,,,Residential – multifamily,medium,,,Residential – single-family,medium,,,Residential – single-family,low,,,,,,,,,,,,,,,,,,
1429,odd,,,,,,,,,,,,,,,,,,,,,,,,,,,,,,,,,Commercial,high,"Home furnishings, hardware & appliances",
1430,even,,,,,,,,,,,,,,,,,,,,,,,,,,,,,,,,,Residential – single-family,high,,
1432,even,Residential – single-family,medium,,,Residential – single-family,medium,,,Residential – single-family,medium,,,Residential – single-family,medium,,,Residential – single-family,medium,,two surnames at one number: boarders or a second unit,Residential – single-family,medium,,two surnames at one number: boarders or a second unit,Residential – single-family,medium,,,Residential – single-family,medium,,,Residential – single-family,high,,
1436,even,,,,,Residential – single-family,medium,,,Residential – single-family,medium,,,Residential – multifamily,high,,,Residential – multifamily,high,,,Residential – multifamily,high,,,Residential – multifamily,high,,,Residential – multifamily,high,,,Mixed-use,low,Unidentified business,
1437,odd,,,,,,,,,,,,,Commercial,high,"Home furnishings, hardware & appliances",,,,,,,,,,,,,,,,,,,,,
1439,odd,,,,,Commercial,high,Food stores,,Commercial,high,Food stores,,Commercial,high,Food stores,,Commercial,high,Food stores,,Commercial,high,Food stores,,Commercial,high,Food stores,,Commercial,high,"Apparel, shoes & fabric",,Commercial,high,"Apparel, shoes & fabric",
1442,even,,,,,Residential – single-family,medium,,,,,,,,,,,,,,,,,,,Residential – single-family,medium,,,Residential – single-family,medium,,,Residential – single-family,high,,
1444,even,,,,,,,,,Commercial,high,Health & medical,,,,,,,,,,,,,,,,,,,,,,,,,
1446,even,,,,,Residential – single-family,medium,,,Residential – single-family,medium,,two surnames at one number: boarders or a second unit,Residential – single-family,medium,,two surnames at one number: boarders or a second unit,,,,,,,,,Residential – single-family,low,,,,,,,Residential – single-family,medium,,only a fractional address listed; 1446 itself not listed
1449,odd,,,,,Commercial,high,Food stores,,,,,,Commercial,high,Restaurants & bars,,Commercial,high,Restaurants & bars,,Commercial,high,Restaurants & bars,,Commercial,high,Restaurants & bars,,Commercial,high,Restaurants & bars,,Commercial,medium,Restaurants & bars,
1451,odd,,,,,,,,,Commercial,high,Food stores,,Commercial,high,Food stores,,,,,,,,,,,,,,,,,,,,,
1452,even,,,,,Residential – single-family,medium,,,Residential – multifamily,medium,,,Residential – single-family,medium,,only a fractional address listed; 1452 itself not listed,,,,,,,,,,,,,Residential – single-family,medium,,only a fractional address listed; 1452 itself not listed,Residential – single-family,medium,,only a fractional address listed; 1452 itself not listed
1453,odd,,,,,,,,,Commercial,high,Personal services,,Commercial,high,Personal services,,Commercial,high,Personal services,,Commercial,high,Personal services,,,,,,,,,,,,,
1454,even,,,,,,,,,Residential – multifamily,medium,,,Residential – multifamily,medium,,,Residential – multifamily,low,,,Residential – single-family,medium,,,,,,,,,,,,,,
1455,odd,,,,,,,,,Commercial,low,Restaurants & bars,,,,,,,,,,,,,,,,,,,,,,,,,
1456,even,,,,,Residential – single-family,medium,,,Residential – single-family,medium,,,Residential – single-family,medium,,,Residential – single-family,medium,,,Residential – single-family,low,,,,,,,Residential – single-family,medium,,,,,,
1457,odd,,,,,Commercial,high,Food stores,,Residential – single-family,medium,,,Commercial,high,"Media, printing & entertainment",,Residential – single-family,medium,,,Residential – single-family,medium,,,Residential – single-family,medium,,,Residential – single-family,medium,,,Commercial,low,Unidentified business,
1459,odd,,,,,,,,,Commercial,medium,General & specialty retail,only a fractional address listed; 1459 itself not listed,Mixed-use,medium,General & specialty retail,,Commercial,medium,General & specialty retail,only a fractional address listed; 1459 itself not listed,Commercial,medium,General & specialty retail,only a fractional address listed; 1459 itself not listed,Commercial,high,"General & specialty retail; Media, printing & entertainment",,Commercial,high,"Media, printing & entertainment",,Commercial,high,Food stores; Personal services,
1461,odd,,,,,Residential – multifamily,high,,,Residential – multifamily,high,,,Residential – multifamily,high,,,Mixed-use,high,Auto sales & service,,Mixed-use,high,Auto sales & service,,Mixed-use,high,Auto sales & service,,Mixed-use,high,Auto sales & service,,Mixed-use,low,Unidentified business,
1462,even,Residential – single-family,medium,,,Residential – single-family,medium,,,Residential – single-family,medium,,,Residential – single-family,medium,,,Residential – single-family,medium,,,Residential – single-family,medium,,,Residential – single-family,medium,,,Residential – single-family,medium,,,Residential – single-family,medium,,two surnames at one number: boarders or a second unit
1463,odd,,,,,,,,,,,,,,,,,Residential – single-family,low,,,Residential – single-family,low,,,,,,,,,,,Commercial,high,Personal services,
1465,odd,,,,,,,,,Commercial,high,Professional & business services,,Commercial,high,"Home furnishings, hardware & appliances",,,,,,,,,,,,,,,,,,,,,
1466,even,Residential – single-family,medium,,,Residential – single-family,medium,,,Residential – single-family,medium,,,Residential – single-family,medium,,,Residential – single-family,low,,,Residential – multifamily,low,,,Mixed-use,low,"Finance, insurance & real estate",,,,,,,,,
1467,odd,,,,,,,,,,,,,,,,,Commercial,high,Auto sales & service,,Commercial,high,Auto sales & service,,Commercial,high,Auto sales & service,,Residential – single-family,medium,,,Commercial,high,Auto sales & service; Unidentified business,
1472,even,Vacant,high,,,Residential – single-family,medium,,,Residential – multifamily,high,,,,,,,Residential – multifamily,high,,,,,,,Residential – multifamily,high,,,,,,,Residential – single-family,medium,,only a fractional address listed; 1472 itself not listed
1474,even,,,,,,,,,,,,,,,,,,,,,,,,,,,,,,,,,Residential – single-family,high,,
1475,odd,,,,,,,,,,,,,Commercial,low,Auto sales & service,,,,,,,,,,,,,,,,,,,,,
1476,even,Residential – single-family,medium,,,Residential – single-family,medium,,,Residential – single-family,medium,,,Residential – single-family,medium,,,Residential – single-family,medium,,,Residential – single-family,medium,,,Residential – single-family,medium,,,Residential – single-family,medium,,,Residential – single-family,high,,
1477,odd,,,,,,,,,Commercial,high,Health & medical,,Commercial,low,Restaurants & bars,,Commercial,medium,Restaurants & bars,,Commercial,medium,Restaurants & bars,,Commercial,medium,Restaurants & bars,,Commercial,high,Restaurants & bars,,Commercial,high,Restaurants & bars,
1479,odd,,,,,,,,,,,,,Commercial,high,Personal services,,Commercial,high,Personal services,,Commercial,high,Personal services,,Commercial,high,Personal services,,,,,,Commercial,high,General & specialty retail,
1484,even,,,,,,,,,,,,,Institutional,high,Institutional & civic,,Institutional,high,Institutional & civic,,Institutional,high,Institutional & civic,,Institutional,high,Institutional & civic,,Commercial,high,Food stores,,,,,
1485,odd,,,,,,,,,Commercial,high,"Media, printing & entertainment; Professional & business services",,Commercial,high,"Media, printing & entertainment; Professional & business services",,Commercial,high,"Media, printing & entertainment",,Commercial,high,"Media, printing & entertainment",,Commercial,high,"Home furnishings, hardware & appliances",,,,,,Commercial,low,General & specialty retail,
1486,even,,,,,,,,,,,,,Residential – multifamily,medium,,only a fractional address listed; 1486 itself not listed,Residential – single-family,low,,,Residential – single-family,low,,,Residential – multifamily,low,,,Residential – single-family,medium,,only a fractional address listed; 1486 itself not listed,Residential – multifamily,medium,,only a fractional address listed; 1486 itself not listed
1487,odd,,,,,,,,,Commercial,high,"Home furnishings, hardware & appliances",,Commercial,high,"Home furnishings, hardware & appliances",,Commercial,high,"Home furnishings, hardware & appliances",,Commercial,high,"Home furnishings, hardware & appliances",,Commercial,high,"Home furnishings, hardware & appliances",,Commercial,high,"Home furnishings, hardware & appliances",,Commercial,high,Food stores,
1488,even,,,,,Residential – multifamily,high,,,Residential – single-family,medium,,,Residential – single-family,medium,,,Residential – single-family,medium,,,Residential – single-family,medium,,,Residential – single-family,low,,,Residential – single-family,medium,,,,,,
1489,odd,,,,,,,,,,,,,Commercial,high,Food stores,,Commercial,high,Food stores,,Commercial,high,Food stores,,Commercial,high,Food stores,,Commercial,high,Food stores,,,,,
1492,even,,,,,,,,,,,,,,,,,,,,,,,,,,,,,,,,,Residential – single-family,high,,
1494,even,,,,,,,,,Residential – single-family,medium,,,Residential – single-family,medium,,,Residential – single-family,medium,,,Residential – single-family,medium,,,Residential – single-family,medium,,,,,,,,,,
1498,even,Residential – single-family,medium,,two surnames at one number: boarders or a second unit,Residential – single-family,medium,,,Residential – single-family,medium,,,Residential – single-family,medium,,,Residential – single-family,medium,,,Residential – single-family,medium,,,Residential – single-family,medium,,,Residential – single-family,medium,,,Commercial,high,"Finance, insurance & real estate; Food stores; Media, printing & entertainment; Professional & business services; Restaurants & bars; Unidentified business",
1500,even,,,,,Residential – single-family,medium,,only a fractional address listed; 1500 itself not listed,Residential – multifamily,medium,,,Residential – single-family,medium,,only a fractional address listed; 1500 itself not listed,,,,,,,,,Residential – single-family,low,,,,,,,,,,
1501,odd,,,,,,,,,Commercial,high,Personal services,,,,,,Commercial,high,"Light industrial, trades & wholesale",,Commercial,high,"Light industrial, trades & wholesale",,Residential – single-family,low,,,Commercial,high,General & specialty retail,,Mixed-use,low,Health & medical; Unidentified business,
1502,even,,,,,Residential – single-family,medium,,only a fractional address listed; 1502 itself not listed,,,,,Residential – multifamily,medium,,,Residential – single-family,low,,,Residential – single-family,low,,,Residential – multifamily,low,,,,,,,,,,
1503,odd,,,,,,,,,Residential – single-family,medium,,,,,,,,,,,,,,,Commercial,low,General & specialty retail,,Residential – single-family,medium,,,,,,
1506,even,,,,,Residential – single-family,medium,,,Residential – single-family,medium,,two surnames at one number: boarders or a second unit,,,,,,,,,Residential – single-family,low,,,,,,,,,,,,,,
1508,even,,,,,,,,,,,,,,,,,,,,,,,,,,,,,,,,,Commercial,high,Food stores,
1509,odd,,,,,,,,,Mixed-use,medium,"Home furnishings, hardware & appliances",,Mixed-use,medium,"Home furnishings, hardware & appliances",,Commercial,high,"Home furnishings, hardware & appliances",,Commercial,high,"Home furnishings, hardware & appliances",,Commercial,high,"Home furnishings, hardware & appliances",,Commercial,high,"Home furnishings, hardware & appliances",,,,,
1511,odd,,,,,,,,,Commercial,low,Unidentified business,,Commercial,low,Unidentified business,,Commercial,low,Unidentified business,,Commercial,low,Unidentified business,,Commercial,low,Unidentified business,,Commercial,low,Unidentified business,,Commercial,low,Unidentified business,
1512,even,Residential – single-family,medium,,,,,,,,,,,,,,,,,,,,,,,,,,,,,,,,,,
1513,odd,,,,,,,,,,,,,,,,,Residential – single-family,medium,,only a fractional address listed; 1513 itself not listed,Residential – single-family,medium,,only a fractional address listed; 1513 itself not listed,Residential – single-family,medium,,only a fractional address listed; 1513 itself not listed,Residential – single-family,medium,,only a fractional address listed; 1513 itself not listed,Commercial,low,Unidentified business,only a fractional address listed; 1513 itself not listed
1515,odd,,,,,,,,,Commercial,high,Food stores,,Commercial,high,Restaurants & bars,,Commercial,low,Restaurants & bars,,Commercial,low,Restaurants & bars,,Commercial,high,Restaurants & bars,,Commercial,medium,General & specialty retail,,Commercial,high,Personal services,
1516,even,,,,,,,,,Commercial,high,Auto sales & service,,Commercial,high,Auto sales & service,,Commercial,high,Auto sales & service,,Commercial,high,Auto sales & service,,Commercial,high,Auto sales & service,,,,,,Commercial,high,General & specialty retail,
1517,odd,,,,,,,,,Residential – single-family,medium,,,Residential – single-family,medium,,,,,,,,,,,,,,,,,,,,,,
1518,even,,,,,,,,,,,,,,,,,,,,,,,,,,,,,,,,,Commercial,high,Personal services,
1519,odd,,,,,Residential – single-family,medium,,,Mixed-use,medium,Restaurants & bars,,,,,,Residential – single-family,low,,only a fractional address listed; 1519 itself not listed,,,,,,,,,Commercial,low,Unidentified business,,Commercial,high,General & specialty retail,
1522,even,,,,,,,,,,,,,,,,,,,,,,,,,,,,,,,,,Commercial,high,Restaurants & bars,
1524,even,,,,,,,,,,,,,,,,,,,,,,,,,,,,,Commercial,high,Restaurants & bars,,Commercial,high,Restaurants & bars,
1525,odd,,,,,,,,,Commercial,high,Food stores,,Commercial,high,Restaurants & bars,,Commercial,high,Restaurants & bars,,Commercial,high,Restaurants & bars,,Commercial,high,Restaurants & bars,,Commercial,high,Restaurants & bars,,,,,
1527,odd,,,,,,,,,Commercial,high,Personal services,,Commercial,high,Personal services,,Commercial,high,Personal services,,Commercial,high,Personal services,,Commercial,high,Personal services,,Commercial,high,Personal services,,Commercial,high,Personal services,
1528,even,Residential – single-family,medium,,,Residential – single-family,medium,,,Commercial,high,Food stores,,Commercial,high,Food stores,,,,,,Commercial,high,"Finance, insurance & real estate",,Commercial,high,"Home furnishings, hardware & appliances",,Commercial,low,Health & medical,,Commercial,high,Auto sales & service,
1529,odd,,,,,,,,,,,,,Commercial,high,Personal services,,Commercial,high,Personal services,,Commercial,high,Personal services,,Commercial,high,Personal services,,Commercial,low,General & specialty retail,,Commercial,low,Unidentified business,
1530,even,,,,,,,,,Commercial,medium,"Apparel, shoes & fabric; General & specialty retail",,Commercial,high,"Apparel, shoes & fabric; General & specialty retail",,Commercial,medium,"Apparel, shoes & fabric",only a fractional address listed; 1530 itself not listed,Commercial,high,"Apparel, shoes & fabric; Unidentified business",,Commercial,medium,"Apparel, shoes & fabric",only a fractional address listed; 1530 itself not listed,Commercial,high,"Apparel, shoes & fabric; Personal services",,Commercial,high,Personal services; Professional & business services,
1531,odd,,,,,Mixed-use,medium,Health & medical,only a fractional address listed; 1531 itself not listed,Residential – multifamily,medium,,only a fractional address listed; 1531 itself not listed,Residential – multifamily,medium,,,Residential – single-family,low,,only a fractional address listed; 1531 itself not listed,Residential – single-family,low,,only a fractional address listed; 1531 itself not listed,,,,,Residential – single-family,medium,,only a fractional address listed; 1531 itself not listed,Residential – multifamily,high,,
1532,even,Residential – single-family,medium,,,,,,,Commercial,high,"Media, printing & entertainment",,,,,,Commercial,low,Unidentified business,,Commercial,low,"Light industrial, trades & wholesale",,Commercial,high,Restaurants & bars,,Commercial,high,Restaurants & bars,,Commercial,low,Unidentified business,
1533,odd,,,,,,,,,Commercial,high,Personal services,,Commercial,high,General & specialty retail,,Commercial,high,General & specialty retail,,Commercial,high,General & specialty retail,,Commercial,high,General & specialty retail,,Commercial,high,General & specialty retail,,Commercial,high,"Media, printing & entertainment",
1534,even,,,,,,,,,Commercial,high,General & specialty retail,,Commercial,high,General & specialty retail,,Commercial,high,General & specialty retail,,Commercial,high,General & specialty retail,,Commercial,high,General & specialty retail,,Commercial,high,General & specialty retail,,,,,
1535,odd,,,,,,,,,Commercial,high,General & specialty retail,,,,,,,,,,,,,,,,,,Commercial,low,Unidentified business,,Commercial,high,General & specialty retail,
1536,even,,,,,,,,,Mixed-use,medium,Restaurants & bars,,Commercial,high,Restaurants & bars,,Commercial,high,Restaurants & bars,,Commercial,high,Restaurants & bars,,Commercial,high,Restaurants & bars,,Commercial,high,Restaurants & bars,,,,,
1537,odd,,,,,,,,,,,,,,,,,Commercial,high,Restaurants & bars,,Commercial,high,Restaurants & bars,,Commercial,high,Restaurants & bars,,Commercial,high,Restaurants & bars,,,,,
1538,even,,,,,,,,,Commercial,medium,Personal services,only a fractional address listed; 1538 itself not listed,Commercial,high,Personal services; Restaurants & bars,,Commercial,high,Personal services; Restaurants & bars,,Commercial,high,Personal services; Restaurants & bars,,,,,,,,,,Commercial,high,Restaurants & bars,
1539,odd,,,,,,,,,,,,,,,,,Commercial,high,"Media, printing & entertainment",,Commercial,high,"Media, printing & entertainment",,Commercial,high,"Media, printing & entertainment",,,,,,,,,
1540,even,Residential – single-family,medium,,,,,,,Commercial,high,Professional & business services,,Commercial,high,Professional & business services,,Commercial,high,Professional & business services,,Commercial,high,Professional & business services,,Commercial,high,Professional & business services,,Commercial,high,Professional & business services,,,,,
1541,odd,,,,,,,,,,,,,,,,,Commercial,high,Personal services,,Commercial,high,Personal services,,Commercial,high,Personal services,,Commercial,high,Personal services,,Commercial,high,Food stores,
1542,even,,,,,,,,,Residential – single-family,medium,,,Residential – single-family,medium,,,Residential – single-family,medium,,,Residential – single-family,medium,,,Residential – single-family,medium,,,Residential – single-family,medium,,,,,,
1543,odd,,,,,,,,,Residential – single-family,medium,,,Residential – single-family,medium,,,,,,,,,,,,,,,,,,,,,,
1544,even,Residential – single-family,medium,,,,,,,,,,,Commercial,low,Restaurants & bars,,Commercial,high,Restaurants & bars,,Commercial,high,Restaurants & bars,,Commercial,high,"Home furnishings, hardware & appliances",,Commercial,high,General & specialty retail,,,,,
1545,odd,,,,,,,,,Commercial,high,"Light industrial, trades & wholesale",,Commercial,high,"Light industrial, trades & wholesale",,Commercial,high,"Light industrial, trades & wholesale",,Commercial,high,"Light industrial, trades & wholesale",,Commercial,high,"Light industrial, trades & wholesale",,Commercial,high,"Light industrial, trades & wholesale",,,,,
1546,even,,,,,,,,,Commercial,high,"Finance, insurance & real estate",,Commercial,high,"Finance, insurance & real estate",,,,,,,,,,Commercial,high,"Media, printing & entertainment",,Commercial,medium,"Media, printing & entertainment",,,,,
1547,odd,,,,,,,,,Commercial,high,"Finance, insurance & real estate",,Commercial,high,"Finance, insurance & real estate",,Commercial,high,"Finance, insurance & real estate",,Commercial,high,"Finance, insurance & real estate",,Commercial,high,"Finance, insurance & real estate",,Commercial,high,"Finance, insurance & real estate",,Commercial,high,Personal services,
1548,even,,,,,,,,,Commercial,high,Professional & business services,,Commercial,high,"Finance, insurance & real estate; Professional & business services; Restaurants & bars",,,,,,,,,,Commercial,high,Personal services,,,,,,,,,
1549,odd,,,,,,,,,Commercial,high,"Light industrial, trades & wholesale",,Commercial,high,"Light industrial, trades & wholesale",,Commercial,high,Personal services,,Commercial,high,Personal services,,Commercial,high,Personal services,,Commercial,high,Personal services,,Commercial,high,Personal services,
1550,even,,,,,,,,,Commercial,high,Personal services,,Commercial,high,Personal services,,,,,,,,,,,,,,,,,,,,,
1554,even,,,,,,,,,Commercial,high,"Home furnishings, hardware & appliances",,Commercial,high,General & specialty retail,,Commercial,high,General & specialty retail,,Commercial,high,General & specialty retail,,Commercial,high,General & specialty retail,,Commercial,high,General & specialty retail,,Commercial,high,General & specialty retail,
1555,odd,,,,,,,,,Commercial,high,"Home furnishings, hardware & appliances",,Commercial,high,"Home furnishings, hardware & appliances",,Commercial,high,"Home furnishings, hardware & appliances",,Commercial,high,"Home furnishings, hardware & appliances",,Commercial,high,"Home furnishings, hardware & appliances",,Commercial,high,"Light industrial, trades & wholesale",,Commercial,low,Unidentified business,
1557,odd,,,,,,,,,Commercial,high,"Home furnishings, hardware & appliances",,Commercial,high,"Home furnishings, hardware & appliances",,Commercial,high,"Home furnishings, hardware & appliances",,Commercial,high,"Home furnishings, hardware & appliances",,Commercial,high,"Home furnishings, hardware & appliances",,Commercial,high,"Home furnishings, hardware & appliances",,Commercial,high,General & specialty retail,
1558,even,,,,,,,,,,,,,Commercial,low,Restaurants & bars,,Commercial,low,Restaurants & bars,,Commercial,low,Restaurants & bars,,Commercial,low,Restaurants & bars,,Commercial,low,Restaurants & bars,,Commercial,low,Restaurants & bars,
1561,odd,,,,,,,,,Commercial,high,Personal services,,Commercial,high,Personal services,,,,,,,,,,,,,,,,,,Commercial,high,"Finance, insurance & real estate",
1562,even,,,,,,,,,Residential – single-family,medium,,only a fractional address listed; 1562 itself not listed,Residential – single-family,medium,,,Residential – single-family,low,,only a fractional address listed; 1562 itself not listed,Residential – single-family,low,,only a fractional address listed; 1562 itself not listed,,,,,,,,,,,,
1563,odd,,,,,Commercial,high,Food stores,,Commercial,high,"Apparel, shoes & fabric",,Commercial,high,"Apparel, shoes & fabric",,Commercial,high,"Apparel, shoes & fabric",,Commercial,high,"Apparel, shoes & fabric",,Commercial,high,"Apparel, shoes & fabric",,Commercial,high,"Apparel, shoes & fabric",,Commercial,high,"Apparel, shoes & fabric",
1564,even,,,,,,,,,,,,,Residential – single-family,medium,,,Residential – single-family,medium,,,Residential – single-family,medium,,,Residential – single-family,low,,,,,,,Residential – single-family,high,,
1565,odd,Residential – single-family,medium,,two surnames at one number: boarders or a second unit,,,,,,,,,,,,,,,,,,,,,,,,,,,,,,,,
1566,even,,,,,,,,,Commercial,high,"Finance, insurance & real estate",,Commercial,high,"Finance, insurance & real estate",,Commercial,high,"Finance, insurance & real estate",,Commercial,high,"Finance, insurance & real estate",,Commercial,high,"Finance, insurance & real estate",,Commercial,high,"Finance, insurance & real estate",,Commercial,low,Unidentified business,
1568,even,,,,,,,,,Commercial,high,Health & medical,,Commercial,high,Health & medical,,Commercial,high,Health & medical,,Commercial,high,Health & medical,,Commercial,high,Health & medical,,Commercial,high,Health & medical,,Commercial,high,Health & medical,
1569,odd,,,,,,,,,Institutional,medium,Institutional & civic,only a fractional address listed; 1569 itself not listed,Commercial,high,"Media, printing & entertainment",,Commercial,high,"Finance, insurance & real estate",,,,,,,,,,,,,,,,,
1571,odd,,,,,Commercial,high,Health & medical,,Commercial,high,Health & medical,,Commercial,high,Health & medical,,Commercial,high,Health & medical,,Commercial,high,Health & medical,,Commercial,high,Health & medical,,Commercial,high,Health & medical,,Commercial,high,Health & medical,
1572,even,,,,,,,,,Commercial,high,"Finance, insurance & real estate",,Commercial,high,"Finance, insurance & real estate",,,,,,,,,,,,,,,,,,,,,
1600,even,Commercial,high,Food stores,,Residential – single-family,medium,,,Commercial,high,Food stores,,Commercial,high,Food stores,,Commercial,high,Food stores,,Commercial,high,Food stores,,Commercial,high,Food stores,,Commercial,high,Food stores,,Commercial,high,"Apparel, shoes & fabric",
1601,odd,Commercial,high,Food stores,,,,,,Commercial,high,"Finance, insurance & real estate; Food stores",,Commercial,high,"Finance, insurance & real estate; Food stores",,Commercial,medium,"Finance, insurance & real estate",,Commercial,medium,"Finance, insurance & real estate",,Commercial,high,Food stores,,Commercial,high,Food stores,,Commercial,high,Food stores,
1602,even,,,,,,,,,Commercial,high,"Apparel, shoes & fabric",,Commercial,high,"Apparel, shoes & fabric",,Commercial,high,"Apparel, shoes & fabric",,Commercial,high,"Apparel, shoes & fabric",,Commercial,high,"Apparel, shoes & fabric",,Commercial,high,"Apparel, shoes & fabric",,Commercial,low,Unidentified business,
1603,odd,Residential – single-family,medium,,,,,,,,,,,,,,,,,,,,,,,,,,,,,,,,,,
1604,even,,,,,Residential – single-family,medium,,,Mixed-use,medium,"Health & medical; Light industrial, trades & wholesale",only a fractional address listed; 1604 itself not listed,Mixed-use,medium,"Health & medical; Light industrial, trades & wholesale",only a fractional address listed; 1604 itself not listed,Commercial,high,"Apparel, shoes & fabric",,Commercial,high,"Apparel, shoes & fabric",,,,,,Commercial,high,"Apparel, shoes & fabric",,,,,
1605,odd,,,,,,,,,Commercial,high,"Finance, insurance & real estate; Health & medical",,Commercial,high,"Finance, insurance & real estate; Health & medical",,Commercial,high,"Finance, insurance & real estate; Health & medical",,Commercial,high,"Finance, insurance & real estate; Health & medical",,Commercial,high,"Finance, insurance & real estate; Health & medical",,Commercial,high,"Finance, insurance & real estate; Health & medical",,,,,
1606,even,Residential – single-family,medium,,,,,,,Commercial,high,General & specialty retail; Personal services,,Commercial,high,General & specialty retail; Personal services,,Commercial,high,"Media, printing & entertainment",,Commercial,high,"Media, printing & entertainment",,Commercial,high,General & specialty retail,,,,,,Commercial,high,General & specialty retail,
1607,odd,,,,,Commercial,high,Food stores,,,,,,,,,,,,,,,,,,,,,,,,,,,,,
1608,even,,,,,,,,,,,,,,,,,Commercial,high,Personal services; Restaurants & bars,,Commercial,high,Personal services; Restaurants & bars,,Commercial,high,Personal services; Restaurants & bars,,Commercial,high,General & specialty retail,,Commercial,medium,Restaurants & bars,only a fractional address listed; 1608 itself not listed
1610,even,,,,,,,,,Commercial,high,General & specialty retail,,Commercial,high,General & specialty retail,,Commercial,high,General & specialty retail,,Commercial,high,General & specialty retail,,Commercial,high,General & specialty retail,,Commercial,high,General & specialty retail,,Commercial,high,General & specialty retail,
1611,odd,Residential – single-family,medium,,,Residential – multifamily,medium,,only a fractional address listed; 1611 itself not listed,Mixed-use,high,General & specialty retail,,Residential – multifamily,medium,,only a fractional address listed; 1611 itself not listed,Residential – multifamily,medium,,only a fractional address listed; 1611 itself not listed,Residential – multifamily,medium,,only a fractional address listed; 1611 itself not listed,Residential – multifamily,medium,,only a fractional address listed; 1611 itself not listed,Residential – multifamily,medium,,only a fractional address listed; 1611 itself not listed,,,,
1612,even,,,,,,,,,Commercial,high,Health & medical,,Commercial,high,Health & medical,,Commercial,high,Health & medical,,Commercial,high,Health & medical,,Commercial,high,Health & medical,,Commercial,high,Health & medical,,Commercial,high,Health & medical,
1613,odd,,,,,,,,,Commercial,high,Personal services,,Commercial,high,Personal services,,,,,,Commercial,high,Health & medical,,Commercial,high,Health & medical,,Commercial,high,Health & medical,,,,,
1614,even,,,,,Residential – multifamily,high,,,Residential – multifamily,high,,,Residential – multifamily,high,,,Residential – multifamily,high,,,Residential – multifamily,high,,,Residential – multifamily,high,,,Residential – multifamily,high,,,,,,
1616,even,,,,,,,,,Commercial,high,Restaurants & bars,,Commercial,high,Restaurants & bars,,Commercial,high,Restaurants & bars,,Commercial,high,Restaurants & bars,,Commercial,high,Restaurants & bars,,Commercial,high,Restaurants & bars,,Commercial,high,Restaurants & bars,
1617,odd,,,,,,,,,Residential – single-family,medium,,only a fractional address listed; 1617 itself not listed,Residential – single-family,medium,,only a fractional address listed; 1617 itself not listed,,,,,,,,,,,,,,,,,,,,
1618,even,,,,,,,,,Commercial,high,"Apparel, shoes & fabric",,Commercial,high,"Apparel, shoes & fabric",,Commercial,high,"Apparel, shoes & fabric",,Commercial,high,"Apparel, shoes & fabric",,Commercial,high,"Apparel, shoes & fabric",,Commercial,high,"Apparel, shoes & fabric",,Commercial,high,"Apparel, shoes & fabric; Media, printing & entertainment",
1619,odd,,,,,,,,,Commercial,high,"Home furnishings, hardware & appliances",,Mixed-use,medium,"Home furnishings, hardware & appliances",,Mixed-use,medium,"Home furnishings, hardware & appliances",,Mixed-use,low,"Home furnishings, hardware & appliances",,Commercial,high,"Home furnishings, hardware & appliances",,Commercial,high,"Home furnishings, hardware & appliances",,,,,
1620,even,,,,,,,,,Commercial,medium,"Light industrial, trades & wholesale",only a fractional address listed; 1620 itself not listed,Commercial,medium,"Light industrial, trades & wholesale",only a fractional address listed; 1620 itself not listed,Commercial,medium,"Light industrial, trades & wholesale",only a fractional address listed; 1620 itself not listed,Commercial,medium,"Light industrial, trades & wholesale",only a fractional address listed; 1620 itself not listed,Commercial,medium,"Light industrial, trades & wholesale",only a fractional address listed; 1620 itself not listed,Commercial,medium,"Light industrial, trades & wholesale",only a fractional address listed; 1620 itself not listed,,,,
1621,odd,,,,,Residential – single-family,medium,,only a fractional address listed; 1621 itself not listed,Mixed-use,high,Health & medical; Restaurants & bars,,Mixed-use,high,Health & medical; Restaurants & bars,,Mixed-use,high,Health & medical; Restaurants & bars,,Residential – multifamily,high,,,Mixed-use,high,Health & medical,,Commercial,medium,Health & medical,,,,,
1623,odd,,,,,,,,,Residential – single-family,medium,,,Residential – single-family,medium,,,Residential – single-family,medium,,,,,,,,,,,Residential – single-family,medium,,,,,,
1624,even,,,,,,,,,Commercial,high,"Finance, insurance & real estate",,Commercial,high,"Finance, insurance & real estate",,Commercial,high,"Finance, insurance & real estate",,Commercial,high,"Finance, insurance & real estate",,Commercial,high,"Finance, insurance & real estate",,,,,,,,,
1625,odd,,,,,,,,,Commercial,high,Health & medical,,Commercial,high,Health & medical,,,,,,,,,,Commercial,high,Personal services,,Commercial,high,Personal services,,,,,
1627,odd,,,,,,,,,Commercial,high,Food stores,,Commercial,high,Food stores,,Commercial,high,Food stores,,Commercial,high,Food stores,,,,,,Commercial,high,"Finance, insurance & real estate",,,,,
1630,even,,,,,,,,,Commercial,high,Food stores,,Commercial,high,Food stores,,Commercial,high,Food stores,,Commercial,high,Food stores,,Commercial,high,Food stores,,Commercial,high,Food stores,,Commercial,high,Food stores,
1631,odd,,,,,Commercial,high,Health & medical,,Commercial,high,"Apparel, shoes & fabric",,Commercial,high,"Apparel, shoes & fabric",,Commercial,high,Restaurants & bars,,Commercial,high,Restaurants & bars,,Commercial,high,Restaurants & bars,,Commercial,high,Restaurants & bars,,,,,
1632,even,,,,,,,,,Commercial,high,"Apparel, shoes & fabric",,Commercial,high,"Apparel, shoes & fabric",,Commercial,high,"Apparel, shoes & fabric",,Commercial,high,"Apparel, shoes & fabric",,Commercial,high,"Apparel, shoes & fabric",,Commercial,high,General & specialty retail,,Commercial,high,General & specialty retail,
1634,even,,,,,Residential – single-family,medium,,,Commercial,high,General & specialty retail,,Commercial,high,General & specialty retail,,Commercial,high,General & specialty retail,,Commercial,high,General & specialty retail,,,,,,Commercial,high,General & specialty retail,,Commercial,high,General & specialty retail,
1643,odd,,,,,,,,,,,,,,,,,,,,,,,,,Commercial,high,General & specialty retail,,,,,,,,,
1700,even,,,,,Commercial,high,Health & medical,,Commercial,high,Health & medical,,Commercial,high,Health & medical,,Commercial,high,Health & medical,,Commercial,high,Health & medical,,Commercial,high,Health & medical,,Commercial,high,General & specialty retail; Health & medical,,Commercial,high,Health & medical,
1701,odd,,,,,,,,,Commercial,high,"Auto sales & service; Home furnishings, hardware & appliances",,Commercial,high,"Auto sales & service; Home furnishings, hardware & appliances",,Commercial,high,"Auto sales & service; Home furnishings, hardware & appliances",,Commercial,high,"Auto sales & service; Home furnishings, hardware & appliances",,Commercial,high,"Auto sales & service; Home furnishings, hardware & appliances",,Commercial,high,"Home furnishings, hardware & appliances",,Commercial,low,Restaurants & bars,
1702,even,,,,,,,,,Commercial,high,General & specialty retail,,Commercial,high,General & specialty retail,,Commercial,high,General & specialty retail,,Commercial,high,General & specialty retail,,,,,,Commercial,high,General & specialty retail,,Commercial,high,Health & medical,
1703,odd,,,,,,,,,Commercial,high,Professional & business services,,Commercial,high,Professional & business services,,,,,,,,,,,,,,,,,,,,,
1704,even,,,,,,,,,Commercial,high,Health & medical,,Commercial,high,Health & medical,,Commercial,high,Health & medical,,Commercial,high,Health & medical,,Residential – single-family,low,,,,,,,,,,
1706,even,,,,,Residential – multifamily,high,,,Residential – multifamily,high,,,Residential – multifamily,high,,,Residential – multifamily,high,,,Residential – multifamily,high,,,Mixed-use,low,Unidentified business,,Mixed-use,high,Personal services; Professional & business services,,Mixed-use,high,General & specialty retail; Professional & business services,
1707,odd,,,,,,,,,Commercial,high,"Home furnishings, hardware & appliances",,Commercial,high,"Home furnishings, hardware & appliances",,Commercial,high,"Home furnishings, hardware & appliances",,Commercial,high,"Home furnishings, hardware & appliances",,Commercial,high,"Home furnishings, hardware & appliances",,Commercial,high,General & specialty retail,,Commercial,high,"Apparel, shoes & fabric",
1708,even,,,,,,,,,Commercial,high,Personal services,,Commercial,high,Personal services,,,,,,,,,,Commercial,high,"Apparel, shoes & fabric",,Commercial,high,"Apparel, shoes & fabric",,Commercial,high,General & specialty retail,
1710,even,,,,,,,,,Commercial,high,"Apparel, shoes & fabric",,Commercial,high,Personal services,,Commercial,low,General & specialty retail,,Commercial,low,General & specialty retail,,Commercial,low,General & specialty retail,,Commercial,low,General & specialty retail,,Commercial,low,General & specialty retail,
1712,even,,,,,,,,,Commercial,high,"Apparel, shoes & fabric; Institutional & civic",,Commercial,low,General & specialty retail; Institutional & civic,,Commercial,high,General & specialty retail,,Commercial,high,General & specialty retail,,Commercial,medium,Restaurants & bars,only a fractional address listed; 1712 itself not listed,Commercial,high,Restaurants & bars,,Commercial,high,Restaurants & bars,
1714,even,,,,,,,,,Commercial,high,"Apparel, shoes & fabric",,Commercial,high,"Apparel, shoes & fabric",,Commercial,low,General & specialty retail,,Commercial,low,General & specialty retail,,Commercial,low,General & specialty retail,,Commercial,high,"Apparel, shoes & fabric",,Commercial,high,"Apparel, shoes & fabric",
1715,odd,,,,,Residential – single-family,medium,,,Commercial,high,General & specialty retail,,Commercial,high,General & specialty retail,,Commercial,high,General & specialty retail,,Commercial,high,General & specialty retail,,Commercial,high,General & specialty retail,,Commercial,high,General & specialty retail,,,,,
1716,even,,,,,,,,,,,,,,,,,,,,,Commercial,high,"Apparel, shoes & fabric",,Commercial,high,"Apparel, shoes & fabric",,Commercial,high,"Apparel, shoes & fabric",,,,,
1717,odd,,,,,Residential – single-family,medium,,,Commercial,high,Auto sales & service,,Commercial,high,Auto sales & service,,Commercial,high,Auto sales & service,,Commercial,high,Auto sales & service,,Commercial,high,Auto sales & service,,Commercial,high,Auto sales & service,,,,,
1720,even,,,,,,,,,Commercial,high,Health & medical,,Commercial,high,Health & medical,,Commercial,high,Health & medical,,Commercial,high,Health & medical,,Commercial,high,Health & medical,,Commercial,high,Health & medical,,Commercial,high,Auto sales & service,
1721,odd,,,,,Residential – single-family,medium,,,,,,,,,,,Commercial,high,"Apparel, shoes & fabric",,Commercial,high,"Apparel, shoes & fabric",,Commercial,medium,Unidentified business,,Commercial,low,Unidentified business,,Commercial,low,Unidentified business,
1722,even,,,,,,,,,Commercial,high,"Apparel, shoes & fabric",,Commercial,high,"Apparel, shoes & fabric",,Commercial,high,"Apparel, shoes & fabric",,Commercial,high,"Apparel, shoes & fabric",,,,,,Commercial,high,"Apparel, shoes & fabric",,Commercial,high,"Apparel, shoes & fabric",
1723,odd,,,,,Commercial,high,Health & medical,,Commercial,high,Personal services,,Commercial,low,General & specialty retail,,,,,,Commercial,high,General & specialty retail,,,,,,,,,,,,,
1724,even,,,,,,,,,Commercial,high,General & specialty retail,,Commercial,high,General & specialty retail,,Commercial,high,General & specialty retail,,Commercial,high,General & specialty retail,,Commercial,high,General & specialty retail,,Commercial,high,General & specialty retail,,Commercial,high,General & specialty retail,
1725,odd,,,,,,,,,Commercial,high,Health & medical,,,,,,Commercial,high,General & specialty retail,,,,,,,,,,,,,,,,,
1727,odd,,,,,,,,,Commercial,high,"Media, printing & entertainment",,Commercial,high,"Media, printing & entertainment",,Commercial,high,"Media, printing & entertainment",,Commercial,high,"Media, printing & entertainment",,Commercial,high,"Media, printing & entertainment",,Commercial,high,Personal services,,,,,
1729,odd,,,,,Residential – multifamily,high,,,Residential – single-family,medium,,,Residential – single-family,medium,,,,,,,,,,,,,,,,,,,,,,
1731,odd,,,,,,,,,Commercial,low,General & specialty retail,,Commercial,high,"Media, printing & entertainment",,Commercial,high,"Apparel, shoes & fabric",,Commercial,high,"Apparel, shoes & fabric",,Commercial,high,"Apparel, shoes & fabric",,Commercial,high,"Media, printing & entertainment",,,,,
1755,odd,Residential – single-family,medium,,,,,,,,,,,,,,,,,,,,,,,,,,,,,,,,,,
1800,even,,,,,,,,,Commercial,high,Food stores,,,,,,Commercial,high,General & specialty retail,,,,,,Commercial,high,Restaurants & bars,,Commercial,high,Food stores,,Commercial,high,Food stores,
1801,odd,,,,,Residential – single-family,medium,,only a fractional address listed; 1801 itself not listed,Commercial,high,"Home furnishings, hardware & appliances",,Commercial,high,"Home furnishings, hardware & appliances",,Commercial,high,"Home furnishings, hardware & appliances",,Commercial,high,"Home furnishings, hardware & appliances",,Commercial,high,"Home furnishings, hardware & appliances",,Commercial,high,"Home furnishings, hardware & appliances",,Commercial,high,"Home furnishings, hardware & appliances",
1802,even,,,,,,,,,,,,,,,,,Commercial,high,"Finance, insurance & real estate",,Commercial,high,"Finance, insurance & real estate",,,,,,,,,,,,,
1803,odd,,,,,Mixed-use,medium,Health & medical,,Mixed-use,high,Health & medical,,Mixed-use,high,Health & medical,,Commercial,medium,Health & medical,,Mixed-use,high,Health & medical,,Mixed-use,low,Health & medical,,Mixed-use,low,Health & medical,,Commercial,high,Health & medical; Unidentified business,
1804,even,,,,,,,,,,,,,,,,,Commercial,high,Personal services,,Commercial,high,Personal services,,Commercial,high,Personal services,,,,,,,,,
1805,odd,,,,,,,,,Commercial,low,Restaurants & bars,,Commercial,low,Restaurants & bars,,Commercial,low,Restaurants & bars,,Commercial,low,Restaurants & bars,,Commercial,high,Restaurants & bars,,Commercial,medium,Restaurants & bars,,Commercial,medium,Restaurants & bars,
1806,even,,,,,,,,,,,,,,,,,Commercial,high,General & specialty retail,,Commercial,high,General & specialty retail,,Commercial,high,General & specialty retail,,Commercial,high,General & specialty retail,,Commercial,high,General & specialty retail; Professional & business services,
1807,odd,,,,,Residential – single-family,medium,,,Commercial,high,Personal services,,Commercial,high,Personal services,,Commercial,high,Personal services,,Commercial,high,Personal services,,Commercial,high,Personal services,,Commercial,high,Personal services,,Commercial,high,Personal services,
1808,even,,,,,,,,,,,,,Commercial,high,General & specialty retail,,Commercial,high,General & specialty retail,,,,,,Commercial,high,"Apparel, shoes & fabric",,Commercial,high,"Apparel, shoes & fabric",,Commercial,high,Professional & business services,
1809,odd,,,,,,,,,Commercial,high,"Finance, insurance & real estate",,Commercial,high,"Finance, insurance & real estate",,Commercial,high,"Finance, insurance & real estate",,Commercial,high,"Finance, insurance & real estate",,Commercial,high,"Finance, insurance & real estate",,Commercial,high,"Finance, insurance & real estate",,Commercial,high,"Finance, insurance & real estate",
1811,odd,,,,,Residential – single-family,medium,,,Residential – single-family,medium,,,Residential – single-family,medium,,,Residential – multifamily,low,,,Residential – multifamily,low,,,Residential – single-family,medium,,,Residential – multifamily,medium,,,Residential – single-family,medium,,only a fractional address listed; 1811 itself not listed
1813,odd,,,,,,,,,Residential – multifamily,medium,,,Residential – single-family,medium,,,Residential – single-family,medium,,,Residential – multifamily,medium,,,Residential – multifamily,medium,,,Residential – single-family,medium,,only a fractional address listed; 1813 itself not listed,Residential – single-family,high,,
1814,even,,,,,,,,,Commercial,high,"Media, printing & entertainment",,,,,,,,,,,,,,,,,,,,,,,,,
1816,even,,,,,,,,,Commercial,medium,"Light industrial, trades & wholesale",only a fractional address listed; 1816 itself not listed,Commercial,high,"Light industrial, trades & wholesale; Media, printing & entertainment",,Commercial,high,"Home furnishings, hardware & appliances; Light industrial, trades & wholesale",,Commercial,high,"Home furnishings, hardware & appliances; Light industrial, trades & wholesale",,Commercial,medium,"Light industrial, trades & wholesale",only a fractional address listed; 1816 itself not listed,,,,,Commercial,high,"Home furnishings, hardware & appliances",
1817,odd,,,,,Residential – multifamily,high,,,,,,,,,,,,,,,,,,,,,,,,,,,,,,
1820,even,,,,,,,,,Commercial,high,"Media, printing & entertainment",,,,,,,,,,,,,,,,,,,,,,,,,
1822,even,,,,,,,,,Commercial,high,Restaurants & bars,,Commercial,high,Restaurants & bars,,Commercial,high,Restaurants & bars,,Commercial,high,Restaurants & bars,,,,,,Commercial,high,Restaurants & bars,,Commercial,high,Restaurants & bars,
1824,even,,,,,,,,,Institutional,high,Institutional & civic,,Institutional,high,Institutional & civic,,,,,,Commercial,high,"Finance, insurance & real estate",,,,,,Commercial,high,"Institutional & civic; Light industrial, trades & wholesale; Media, printing & entertainment; Professional & business services",,Commercial,medium,Professional & business services,
1825,odd,,,,,,,,,Commercial,high,"Apparel, shoes & fabric",,Commercial,high,"Apparel, shoes & fabric",,Commercial,high,"Apparel, shoes & fabric",,Commercial,high,"Apparel, shoes & fabric",,Commercial,high,"Apparel, shoes & fabric",,Commercial,high,"Finance, insurance & real estate",,Mixed-use,low,"Finance, insurance & real estate",
1827,odd,,,,,Residential – multifamily,high,,,Mixed-use,high,"Light industrial, trades & wholesale",,Mixed-use,high,"Light industrial, trades & wholesale",,Residential – multifamily,high,,,Residential – multifamily,high,,,Residential – multifamily,high,,,Residential – multifamily,high,,,Residential – multifamily,high,,
1828,even,,,,,,,,,,,,,,,,,,,,,,,,,,,,,Commercial,high,"Finance, insurance & real estate; Personal services",,Institutional,high,Institutional & civic,
1829,odd,,,,,,,,,,,,,,,,,,,,,Commercial,high,Personal services,,Commercial,high,Personal services,,Commercial,high,Personal services,,Commercial,high,Personal services,
1830,even,,,,,,,,,,,,,Mixed-use,high,Health & medical,,Mixed-use,high,Health & medical,,Residential – multifamily,high,,,Unknown,low,,,Mixed-use,high,Health & medical,,Mixed-use,high,Health & medical,
1832,even,,,,,,,,,Commercial,high,"Home furnishings, hardware & appliances",,Commercial,high,"Home furnishings, hardware & appliances",,Commercial,high,"Home furnishings, hardware & appliances",,Commercial,high,"Home furnishings, hardware & appliances",,Commercial,high,"Home furnishings, hardware & appliances",,,,,,,,,
1834,even,,,,,,,,,Mixed-use,high,Personal services,,Commercial,high,Personal services,,,,,,,,,,,,,,,,,,Commercial,high,General & specialty retail,
1836,even,,,,,,,,,,,,,,,,,,,,,,,,,,,,,Commercial,low,Unidentified business,,Residential – single-family,high,,
1838,even,,,,,,,,,,,,,,,,,,,,,,,,,,,,,Commercial,high,Professional & business services,,,,,
1841,odd,,,,,,,,,Residential – multifamily,high,,,Residential – multifamily,high,,,Residential – multifamily,high,,,Residential – multifamily,high,,,Residential – multifamily,high,,,Residential – multifamily,high,,,Residential – multifamily,high,,
1847,odd,,,,,,,,,,,,,,,,,Residential – multifamily,high,,,Residential – multifamily,high,,,,,,,,,,,,,,
1900,even,,,,,,,,,Commercial,high,Personal services,,Commercial,high,Personal services,,,,,,,,,,Commercial,high,"Finance, insurance & real estate; Professional & business services",,Commercial,high,"Finance, insurance & real estate; Institutional & civic; Professional & business services",,Commercial,high,Professional & business services,
1901,odd,,,,,,,,,Commercial,low,Auto sales & service,,Commercial,low,Auto sales & service,,Commercial,high,General & specialty retail,,Commercial,high,Food stores,,Commercial,high,Restaurants & bars,,Commercial,high,Restaurants & bars,,Commercial,low,Unidentified business,
1910,even,,,,,,,,,,,,,,,,,,,,,,,,,Commercial,high,"Finance, insurance & real estate; Media, printing & entertainment; Professional & business services",,Commercial,high,"Finance, insurance & real estate; Health & medical; Institutional & civic; Media, printing & entertainment; Professional & business services; Unidentified business",,Commercial,high,"Finance, insurance & real estate; Institutional & civic; Light industrial, trades & wholesale; Professional & business services; Unidentified business",
1911,odd,,,,,Residential – single-family,medium,,,Commercial,high,Restaurants & bars,,Commercial,high,Restaurants & bars,,Commercial,high,Restaurants & bars,,Commercial,high,Restaurants & bars,,Commercial,high,Restaurants & bars,,Commercial,high,Restaurants & bars,,Commercial,high,Restaurants & bars,
1912,even,,,,,,,,,,,,,,,,,,,,,,,,,Commercial,high,"Finance, insurance & real estate",,Commercial,high,"Finance, insurance & real estate",,,,,
1918,even,,,,,,,,,Commercial,high,Restaurants & bars,,Commercial,high,Restaurants & bars,,Commercial,high,Restaurants & bars,,Commercial,high,Restaurants & bars,,Commercial,high,Restaurants & bars,,Commercial,high,Restaurants & bars,,Commercial,high,Restaurants & bars,
1920,even,Vacant,high,,,,,,,Commercial,high,Auto sales & service,,Commercial,high,Auto sales & service,,,,,,,,,,,,,,,,,,,,,
1921,odd,Residential – single-family,medium,,,,,,,,,,,,,,,,,,,,,,,,,,,,,,,,,,
1925,odd,,,,,Commercial,high,Food stores,,Commercial,high,Food stores,,Commercial,high,Food stores,,Commercial,high,Food stores,,Commercial,high,Food stores,,Commercial,high,Food stores,,Commercial,high,Food stores,,,,,
1927,odd,,,,,,,,,Commercial,high,General & specialty retail,,Commercial,high,General & specialty retail,,Commercial,high,General & specialty retail,,Commercial,high,General & specialty retail,,Commercial,high,General & specialty retail,,,,,,,,,
1929,odd,,,,,,,,,Commercial,high,Restaurants & bars,,Commercial,high,Restaurants & bars,,Commercial,high,Restaurants & bars,,Commercial,high,Restaurants & bars,,,,,,,,,,,,,
1931,odd,,,,,,,,,Commercial,high,"Home furnishings, hardware & appliances",,Commercial,high,"Home furnishings, hardware & appliances",,Commercial,high,Health & medical; Professional & business services,,Commercial,high,Health & medical,,Commercial,high,Health & medical,,Commercial,high,Health & medical,,Commercial,high,Health & medical,
1945,odd,Commercial,high,"Finance, insurance & real estate",,,,,,,,,,,,,,,,,,,,,,,,,,,,,,,,,
1950,even,,,,,,,,,Commercial,high,Professional & business services,,Commercial,high,Professional & business services,,Commercial,high,Professional & business services,,Commercial,high,Professional & business services,,Commercial,high,Professional & business services,,Commercial,high,Professional & business services,,Commercial,high,Professional & business services,
2002,even,,,,,Residential – multifamily,high,,,Residential – multifamily,high,,,Residential – multifamily,high,,,Residential – multifamily,high,,,Residential – multifamily,high,,,Residential – multifamily,high,,,Residential – multifamily,high,,,Residential – multifamily,high,,
2005,odd,,,,,,,,,Institutional,high,Institutional & civic,,Institutional,high,Institutional & civic,,Institutional,high,Institutional & civic,,Institutional,high,Institutional & civic,,Institutional,high,Institutional & civic,,,,,,,,,
2011,odd,,,,,,,,,Commercial,high,"Home furnishings, hardware & appliances",,Commercial,high,"Home furnishings, hardware & appliances",,Commercial,high,"Home furnishings, hardware & appliances",,Commercial,high,"Home furnishings, hardware & appliances",,Commercial,high,"Home furnishings, hardware & appliances",,Commercial,high,"Home furnishings, hardware & appliances",,Commercial,high,"Home furnishings, hardware & appliances",
2013,odd,Commercial,high,Auto sales & service,,,,,,,,,,,,,,,,,,,,,,,,,,,,,,,,,
2014,even,,,,,,,,,Residential – multifamily,medium,,,Residential – single-family,medium,,,Residential – multifamily,low,,,Residential – single-family,medium,,,Residential – single-family,medium,,,Residential – single-family,medium,,,,,,
2015,odd,Residential – single-family,medium,,,Residential – multifamily,high,,,Residential – multifamily,high,,,Residential – multifamily,high,,,Residential – multifamily,high,,,Residential – multifamily,high,,,Residential – multifamily,high,,,,,,,,,,
2016,even,Residential – multifamily,high,,,Residential – single-family,medium,,,Residential – single-family,medium,,,,,,,Residential – single-family,low,,,Residential – single-family,low,,,Residential – single-family,low,,,Residential – multifamily,medium,,,Residential – single-family,high,,
2018,even,,,,,Residential – single-family,medium,,,,,,,,,,,,,,,,,,,,,,,,,,,,,,
2022,even,Residential – single-family,medium,,,Residential – single-family,medium,,,Residential – single-family,medium,,only a fractional address listed; 2022 itself not listed,Residential – multifamily,medium,,,Residential – multifamily,low,,,Residential – single-family,low,,,,,,,Residential – single-family,medium,,only a fractional address listed; 2022 itself not listed,,,,
2023,odd,,,,,,,,,Commercial,high,"Finance, insurance & real estate; Professional & business services",,Commercial,high,"Finance, insurance & real estate; Professional & business services",,Commercial,high,"Finance, insurance & real estate",,Commercial,high,"Finance, insurance & real estate",,Commercial,high,Professional & business services,,,,,,,,,
2025,odd,,,,,Commercial,high,Food stores,,Commercial,high,Professional & business services,,Commercial,high,Professional & business services,,Commercial,high,Professional & business services,,Commercial,high,Professional & business services,,Commercial,high,Professional & business services,,,,,,,,,
2028,even,Vacant,high,,,Residential – single-family,medium,,,,,,,,,,,Residential – single-family,low,,,,,,,,,,,,,,,,,,
2029,odd,,,,,,,,,Commercial,high,"Light industrial, trades & wholesale",,Commercial,high,"Finance, insurance & real estate; Light industrial, trades & wholesale; Unidentified business",,Commercial,high,"Finance, insurance & real estate",,Commercial,high,"Finance, insurance & real estate",,Commercial,high,"Finance, insurance & real estate",,,,,,,,,
2034,even,,,,,Residential – single-family,medium,,,Commercial,high,"Finance, insurance & real estate",,,,,,Commercial,high,"Home furnishings, hardware & appliances",,,,,,,,,,,,,,,,,
2035,odd,,,,,,,,,Commercial,high,"Finance, insurance & real estate",,Commercial,high,"Finance, insurance & real estate",,Commercial,high,"Finance, insurance & real estate",,,,,,,,,,Commercial,high,Auto sales & service,,Commercial,high,Auto sales & service,
2040,even,,,,,,,,,,,,,,,,,,,,,,,,,Commercial,high,Auto sales & service; Restaurants & bars,,Commercial,high,Auto sales & service; Restaurants & bars,,Commercial,high,Auto sales & service,
2100,even,,,,,Commercial,high,Health & medical,,Commercial,high,Health & medical,,Commercial,high,Health & medical,,Commercial,high,Restaurants & bars,,Commercial,high,Restaurants & bars,,Commercial,high,Restaurants & bars,,Commercial,high,Restaurants & bars,,Commercial,high,Restaurants & bars,
