entity_id,finding_status,verified_desc,verified_bucket,verified_use_type,evidence_url,evidence_title,evidence_date,evidence_quote,source_type,confidence,researcher_notes,checked_on,owner_ethnicity,clientele_ethnicity,clientele_class,demographic_evidence_url,demographic_evidence_quote
E0001,identified,lithographic / offset-printing supplies distributor (Polychrome products),"Light industrial, trades & wholesale",Business,https://archive.org/details/sim_printing-management_1959-05_89_8,"Printing Production, May 1959 (Vol. 89, Iss. 8), News Items",1959-05,"New Distributor for Polychrome—Westco Litho Products Co., 1402 Sunset Blvd., Los Angeles, has been appointed exclusive distributor of Polychrome products in Southern California",other,medium,"Trade journal (graphic arts). Ties Polychrome products to 1402 Sunset one year before the 1960 listing; the source names the distributor (Westco Litho Products Co.), not Polychrome Corp itself, so the 1960-65 'Polychrome Corp' listing is read as the same supply operation under the maker's name. The Office, March 1961 (archive.org/details/sim_office_1961-03_53_3, 'OFFSET INKS' item) describes Polychrome Corp., 2 Ashburton Ave., Yonkers NY, introducing lithographic inks, i.e. a graphic-arts supply maker. Wholesale distribution -> Light industrial, trades & wholesale.",2026-10-07,,,,,
E0009,confirmed,business registered to owner (trade not stated in city record),Unidentified business,Business,https://data.lacity.org/resource/r4uk-afju.json?location_account=0000495780-0001-1,"City of Los Angeles Office of Finance, Listing of All Businesses (business tax registration), account 0000495780-0001-1",location start 1984-02-13,business_name: THI HUNG TRINH; street_address: 1498 W SUNSET BLVD #4; location_start_date: 1984-02-13,government record,high,"City business-tax registration confirms the 1987 capitals listing is a business (not a resident) at 1498, unit #4, from 1984. The record has no NAICS code or DBA, so the trade is still unknown. Same lot has DELFI MONTEAGUDO DC (#3, 1980) and NHI UYEN QUAN (1985). IA full text: '1498 Sunset' hits are all 2003+ (later occupants); name search 0 hits; phone 481-2700 search failed (IA backend error), to retry.",2026-10-07,,,,,
E0013,identified,women's clothing / fashion store (Carmela's Fashions),"Apparel, shoes & fabric",Business,https://archive.org/details/classmates-yearbook-40050-1972-our-lady-of-loretto-high-school,"1972 Our Lady of Loretto High School Yearbook (advertising section, p. 106)",1972,"Carmela's Fashions ... Latest Fashions at Wholesale Prices 1511 Sunset Blvd. ... Phone 622-6038 ... Los Angeles, California 90026",other,high,"Yearbook ad; same address and same phone (622-6038) as the 1973 'Carmela's' listing. The 1987 'CARMELA'S' listing has a different phone (250-2481); read as the same shop by name and address. 'Olivia '72' and the student messages on the same page are separate items, not part of the ad. LA Office of Finance has a 1511 W Sunset account in the names RUDOLPH & CARMEN HERNANDEZ from 1968-07-01 (no trade, no DBA); not used as evidence for this shop.",2026-10-07,,,,,
E0014,confirmed,business registered to owner (trade not stated in city record),Unidentified business,Business,https://data.lacity.org/resource/r4uk-afju.json?location_account=0000586249-0001-2,"City of Los Angeles Office of Finance, Listing of All Businesses (business tax registration), account 0000586249-0001-2",location start 1985-09-09,business_name: ENRIQUE ZUNIGA; street_address: 1513 1/2 W SUNSET BLVD; location_start_date: 1985-09-09,government record,high,"Confirms a business account in this name at 1513 1/2 from 1985; no NAICS or DBA, so trade unknown. IA full text: '1513 Sunset' hits are 1513 Sunset Ave, Pasadena; phone 250-0112 and name searches: no LA match.",2026-10-07,,,,,
E0016,confirmed,business registered to owner (trade not stated in city record),Unidentified business,Business,https://data.lacity.org/resource/r4uk-afju.json?location_account=0000324530-0001-9,"City of Los Angeles Office of Finance, Listing of All Businesses (business tax registration), account 0000324530-0001-9",location start 1980-01-01,business_name: EUSEBIO J REYES; street_address: 1529 W SUNSET BLVD; location_start_date: 1980-01-01,government record,high,"Confirms a business account in this name at 1529 from 1980 (a 01-01 start date may be an approximate conversion date). No NAICS or DBA, so trade unknown.",2026-10-07,,,,,
E0022,identified,income tax preparation service (Zozula-Vasquez Income Tax),Professional & business services,Business,https://data.lacity.org/resource/r4uk-afju.json?location_account=0000720437-0001-5,"City of Los Angeles Office of Finance, Listing of All Businesses (business tax registration), account 0000720437-0001-5",location start 1965-01-01,business_name: CARLOS E ZOZULA; dba_name: ZOZULA-VASQUEZ INCOME TAX; street_address: 1566 W SUNSET BLVD; naics: 561500; primary_naics_description: Travel arrangement & reservation services; location_start_date: 1965-01-01,government record,high,"DBA says income tax service; the NAICS code on the same account is travel arrangement, so it may also have sold travel. Both tax prep and travel agencies are in Professional & business services, so the bucket holds either way. A later account at the same address (0003172625-0001-6, 2020) is 'ZOZULA VAZQUEZ INCOME TAX SERVICE'. Start date 1965-01-01 may be an approximate conversion date.",2026-10-07,,,,,
E0052,confirmed,bar (on-sale general liquor license),Restaurants & bars,Business,https://www.abc.ca.gov/licensing/license-lookup/single-license/?RPTTYPE=12&LICENSE=135341,"California ABC License Query System, License Details, license 135341",original issue 1983-05-13; canceled 2022-11-03,"Primary Owner: PEREZ, JOSE ... BUSINESS NAME GOLD ROOM BUSINESS ADDRESS 1558 W SUNSET BLVD , LOS ANGELES, CA, 90026 ... 48 - ON-SALE GENERAL PUBLIC PREMISES ... Original Issue Date: 13-MAY-1983",government record,medium,"Type 48 = on-sale general for public premises (a bar). Corroborated by LA Office of Finance account 0000456284-0001-0: GOLD ROOM INC dba GOLD ROOM, 1558 W SUNSET BLVD, NAICS 722410 Drinking places (alcoholic beverages), location start 1983-06-01. High for the 1987 listings; the license and city account both start in 1983, so the 1960-1973 Gold Room listings rest on the same name at the same address (no source found yet for those years). Current active license 640007 is held by GOLD ROOM, INC.",2026-10-07,,,,,
E0055,confirmed,Mexican seafood restaurant,Restaurants & bars,Business,https://tessa2.lapl.org/digital/collection/menus/id/2553,"Pescado Mojado (menu), Los Angeles Public Library Menu Collection, MENU-011860",1988,"Name: Pescado Mojado ... Date: 1988 ... Street Address: 1701 Sunset Boulevard; 6608 Pacific Boulevard ... Event / Meal: Lunch/Dinner Menu. Subjects: Cooking, Mexican.; ... Cooking (Seafood).; ... Ceviche ... Mexican restaurants--California--Los Angeles.",other,high,"LAPL catalog record for a 1988 lunch/dinner menu (menu image itself not viewable online). Second location at 6608 Pacific Blvd, Huntington Park. Menu languages: English; Spanish. Corroborated by (1) CA ABC license 160503 (https://www.abc.ca.gov/licensing/license-lookup/single-license/?RPTTYPE=12&LICENSE=160503): business name PESCADO MOJADO INC, 1701 W SUNSET BLVD, type 41 on-sale beer and wine - eating place, original issue 21-SEP-1984; (2) LA Office of Finance account 0000126756-0001-3: PESCADO MOJADO INC dba PESCADO MOJADO, NAICS 722110 Full-service restaurants, start 1984-09-04.",2026-10-07,,,,,
E0069,confirmed,nonprofit health agency (JWCH Institute; community health services),Institutional & civic,Institutional,https://jwchinstitute.org/about-us/,About Us - jwchinstitute.org,current page; describes 1960-1979 onward,"JWCH Institute Inc. is a private non-profit health agency that was established as the Attending Staff Association of the John Wesley County Hospital in 1960 ... after 1979, medical services and patient education took priority with a focus on community-based health education and social support programs.",website,medium,"Organization's own site confirms what JWCH Institute is and that it existed under that name in 1987; it does not name the 1910 Sunset address (a third-party aggregator, visualvisitor.com, lists HQ at 1910 W Sunset Suite 650, but it is undated and not used as evidence). Bucket kept as Institutional & civic (nonprofit) though its work is health care; see OPEN_QUESTIONS.",2026-10-07,,,,,
E0072,confirmed,restaurant with full liquor license (Nikola's),Restaurants & bars,Business,https://www.abc.ca.gov/licensing/license-lookup/single-license/?RPTTYPE=12&LICENSE=345214,"California ABC License Query System, License Details, license 345214 (transferred from 47-222433)",license 47-222433 originally issued 1988-10-11 to V L Inc; transferred 1998-10-27,BUSINESS NAME NIKOLA SARATOGA RESTAURANT BUSINESS ADDRESS 1449 W SUNSET BLVD ... 47 - ON-SALE GENERAL EATING PLACE ... Transfers: From License Number: 47-222433,government record,medium,"Predecessor license 222433 (V L INC, officer Nicolas Vasily, 1449 W Sunset) is type 47 on-sale general eating place, original issue 11-OCT-1988, i.e. a restaurant serving liquor about a year after the 1987 listing; the business name 'Nikola Saratoga Restaurant' appears on the 1998 transfer. LA Office of Finance account 0000844331-0001-7 (V L INC, 1449 W Sunset) starts 1989-01-01. Ties the name to a restaurant at this address from 1988; the 1973 listing rests on the same name plus the 1960 'Nikola's restrnt' listing.",2026-10-07,,,,,
E0084,confirmed,beer bar (El Prado),Restaurants & bars,Business,https://www.abc.ca.gov/licensing/license-lookup/single-license/?RPTTYPE=12&LICENSE=241770,"California ABC License Query System, License Details, license 241770",original issue 1990-06-26; canceled 2007-03-23,"Primary Owner: PEREZ, JOSE ... BUSINESS NAME EL PRADO BUSINESS ADDRESS 1805 W SUNSET BLVD , LOS ANGELES, CA, 90026 ... 40 - ON-SALE BEER ... Original Issue Date: 26-JUN-1990",government record,medium,"Type 40 = on-sale beer only (a beer bar), matching the 1968 'EL PRADO BEER BAR' listing at the same address. The license starts in 1990, three years after the 1987 listing, so medium. LA Office of Finance account 0000810326-0001-8 (JOSE PEREZ/ALFREDO T RAMIREZ dba EL PRADO, 1805 W Sunset) starts 1990-08-01. The ABC database seems to begin about 1977-1980, so earlier licenses at this address are not visible.",2026-10-07,,,,,
